id,occupation,length,often,hourly_wage,rate_flexibility,rate_wage,rate_future,rate_growth,rate_social,rate_value,rate_reccommendation,review_job,review_authority,review_skills,review_training,review_environment,review_expectation,review_merit,product_id,created_at,updated_at,user_id
2,cƁAC^[,6`11,T3`4,1000~`1099~,10,8,10,10,10,2,10,Lɂl^̔@A̎ށALMAҏWsȂĂB܂ɑSĂ͓̊B,100%CĂBނ̂ˁA͍\ȂǂȂǂׂĂɂĎŌĂX^XłB,d𐶂ݏočŌ܂ŎŊ邱ƁB SEOȂǂ̂ƂlbgeV[B ȂǂȂǁB,{Iɑ̐͐Ă܂BuĎŎdȂ΂ȂɂȂȂ̂Ŏdꔭڂ玩Ńl^܂B,ItBX͑\Ăʂ̉ЂƓItBXB{IɎЂ̎ЈȂ̂ŃAEFC͂܂B,X҂ĂƂ͎̂܂ł̌o(wAwA)ł͂ȂƎvB̂܂܁AҒʂ肢܂B,肪ǂ蕁ʂ̏AɎQAŐ͂@1%炢͑̌łƁB,2,2017/4/7 11:45,2017/4/7 11:45,2
3,AL,6`11,T5ȏ,,10,5,5,5,5,10,7,__Ɩe EVKƊJFC^A˂̃GXe𗷊ق̃T[rXƂĔoĂ߂ɊELɍs܂Bi100%j EʏƖFtgł̂qlΉAԂ̗UAו^ѓً̗Ɩ܂Bi100%j SēɂȂƂ̂ŁA100%ƂĒ܂B,__GXeFmĒ߂̃CxgALɊւĂ͑SĔCĒĂ܂B __Facebooky[ẂAlĂ̂łSĂɂĔCĒĂ܂B __C^[ԒHPj[AɂĂAƎ҂̕Ƒł킹HP̍쐬܂ŁASĔCĒĂ܂B,__˔jĂ^ @FAق͓sɂƂƂ͑SRႢ܂BГ͂悭܂BlԊ֌W͂ǂǂłB`Ăl͂߂2l̎Ј񂵂܂łBiSĂ̗قɌƂ͌܂񂪁BBjÂ悤ȊłC邱Ƃ͑ĈOɐi܂Ȃ΂Ȃ܂B܂ȂĂۏ؂͂܂񂵁ÂƂ͈ÈłĂ݂܂񂪂Ăē˔jĂBXLƂ͌Ȃ܂񂪁AołƂ͔ɑ傫ȍYłB,__lC^[ĂƂ́AЊOɃR[fBl[gĂ܂BiЌPjł̂ŁAC^[JnEԁEIƂ̓sxUԂ݂̌C܂BГɂẮAVKƁEʏƖƕƂɂbĂl炵ĂAł킹͂̕ƍsĂ܂B,__͋C͍ňłˁi΁jBقƂ̕ނɓ̂łǂ̊Ƃ{ł΃~[eBOČɉxƎv̂łAl̗قł͎OɈxANȂƂ݂Ȋ̂ŎЈm̈ӎvaʂ͂ƂĂȂ΁AbFɋ߂łBȂ̂ŁAl؂oă~[eBOɈx͎܂AR~jP[V}邽߂Ɉ݉ZbeBO肵Ă܂B,__l͂ƂɂAVKƂɊւ肽A[C`ŕi߂IzȂ̂ŁAӖł͂肪̂C^[łƂ͎v܂BAVKƂi߂ɂЈɂ͂ĒȂĂ͂ȂȂƂX܂AR~jP[V}邤ł͎Г悭̂ɎԂ𑽂gĂ܂Ƃ낪̂ŃMbv͊܂ˁB ܂A݂Ń[C`Ă炦ƎvĂ܂B,__[AbgƌƂȂˁi΁jAɖ邭炢ȁi΁j܂AłȊ񂾁BȒœĂāAӖnoςSĂ񂾂Ɗ邱Ƃłł͂܂ˁBƁǍŒTÔ݂͈ڂőꂵ܂Aŕ`ĂĂōsɂȂƈӖȂƂX邱Ƃł̂ŁAɂ͂߂łIi΁j,3,2017/4/7 11:45,2017/4/7 11:45,3
4,ҏW, 6`11,T1`2,iʔxj,8,5,10,8,10,10,10,iPjbitechoiWebA[gTCgj̋L쐬AC^[̋L̏C60 iQjup蒟vҏWAVX^gƖi}قs̐}قł̕ARs[AzB̎dX֕ǗȂǁj30 iRjA[eBXgC^r[̕5 iSjւ̊O聁5,ĐŃoCg܂ߎЈVĂƂ̈lڂ̃C^[̂ŁAC^[ƂĂ͂ٗʌƊBoCgƓ炢łB, EtHgVECAvO~OHP쐬ɂbXLcbitechoƂVKvOグꂽ΂ŁAЈ̕Ǝs낵Ȃグ̂ŁAbĂ炦@B EXLcق̌IȌ̎dLȎ菇ȂǁB EЉlƂẴ}i[ iC^[ƂǁAA[eBXg̕̕ɉ@Ȃ肠j,͂߂ẴC^[̂ŁA͎sƂ͋CA悢C^[VXe낤Ƃ͋C͋A󂯓̐ĂƎvB CVXe͂ƂɂȂłB ҏW̎Ј͖ẐŁAC^[S̃oCg̕Ƃ̂܂B,ҏWȂ̂ŏoЎԂȂǌ܂Ă炸ÔŁAl͂܂ł炸͋CB AFȂZŁAbÂ炢͋C͂܂B ҏW񂪖邭CȕȂ̂ŁAꂵ͋Cł͂ȂƎv܂B,p蒟̈ǎ҂łƁApɊ֌ŴEƂɏAƂC^[]܂BpɊւm邱ƁAҏWƖ̊bm邱ƂړIłB ۂɏL̃XL𓾂邱Ƃ͂ł܂AȂƂAuC^[̓C^[łȂvƊ܂BЂ̏󋵂ĐŐOꂾ̂܂AҏW҂̖Z͗LȂ̂Ŋo債Ă܂AЈ͊{IɎԂȂŁAĂ炤ƂɂȂR܂BiĂقƂ΋Ă炦܂Bj,up蒟v͔pEŒmȂl͂܂ȂGȂ̂ŁApnŏAɂ͕KLɂȂ܂BL쐬œp͕̏i̐łɗ܂ALȃA[eBXg̕ɂ̂ŁAA[gƊEmɂ͂ƂĂ悢@Ǝv܂B,4,2017/4/7 11:45,2017/4/7 11:45,1
5,C^[C^[,3`5,T1`2,iʔȂj,10,5,8,8,8,5,7,ƖeGCOŔMĂEFufBA̋L|󂵁A\AC^[搶ĉ郉C^[ƋLB2T1{xB GLWO%Al^TQO%,SĹAC^[̃AhoCXȂŏŌ܂ŏƂłBSďB,|Gl^͉pł|󂷂邽߁Aǂ{ɖ󂷂͏ɍl ͍\Gǎ҂̕ƉlL邽߂ǂȃXg[[ŏ΂AAhoCX炤Ƃł,C^[͑Să[gAC^[S̃C^[Ƃ͍\܂߁AׂƂBʓ|͂ƂĂB,Să[gBO킸ɎQłBC^[Q҂greenz̃C^[greenzIȉlς؂ɂlBƂĂlŎRȕ͋CB,L̍\͎v肸ƒJBǎ҂Ƃgreenz̃t@ADɂȂBƒ肽ƂہB,lXȉlςlƏoƂłB[gȂ̂ŏT̉c͋`QAChQBuǂɂł`Hvn܂c͊yBL͂JɋĂ炦̂ł߁B,5,2017/4/7 12:04,2017/4/7 12:04,2
6,AvJA|,3`5,T3`4,1000~`1099~,10,8,5,8,8,8,8,n}gAvJɌgBLN^[QbgɂAvAɎ҂̎_~ƂƂŃ`[ɓĒBAṽoO̊mF(fobN)ƃAv̉p|SB}[PeBO40%A|60%,Aṽ}[NɊւĎ̒Ă̗̂pĂ炦Aٗʌ͑傫ƎvBقڎЈƓʒuŃ~[eBOɂĒB,EXLƂIT̉Ђ͎ۂɂǂȎ̂mꂽɂ1ԑ傫B E^[Qbg߂Ă邩lċ@\ĂƂʂł̓}[PeBOXLgɂB,ɎdUĂS̐lBɌ̃fXNŎdĂĂłɓĂAȂċ炵ĒBX̎dIɏ̊wсAƂƂɂRgĂB,lB{ɗǂl΂肾BC^[ł}JĂꂽAZԂF񂪉ėDĂ镵͋CB,:ƐFȐlƘb@BMbv:p\ȒOłЂoO̗LmFƖ|ɋ΂ގԂAȂlł̎dB,AvJƂMdȌołB܂ITƂƂĂRƂĂĉ̂܂zȂAꂽ傫ȃbgB,6,2017/4/8 6:36,2017/4/8 6:36,3
7,E,1,T5ȏ,1000~`1099~,5,8,8,10,8,8,8,Ɩe:vO~OgāA̗lXȋƊE̖_\tgEFAJB60%vO~O 20%\z 20%ЈɃv[,\͔@^C^[łAƑwɂ^Aɑ΂Ĉꃖ̊ԍloƂC^[߁Aٗʌ͂ȂB,E|IȎvl͂ƃAEgvbg@:l̂ꉻA肭AEgvbg@gCAhG[JԂƂœOIɗK邱ƂłAʘ_Iɐ[lA\\͂gɂB,ЈIɃLAkƂ`ŖʒkĂꂽB܂ATɂ̓t[iCgƂ`łЎɐFXȂbĂĎЉɏoC[WB,ItBXł͂ȂA݂r̈tA؂ăC^[sȂ߁AЂ̎ۂ͋̕C͂킩ȂB,_Ivl͂𓾂ƎvAQʓIɈꃖ̃C^[ʂĎɓ邱ƂłƎvB,_Ivl͂blɂ̓IXXłB܂AN̗DGȊwW܂Ă̂Őlɂ͂ƂĂIXXłB,7,2017/4/8 6:36,2017/4/8 6:36,1
8,L,3`5,T3`4,iʔxj,10,8,8,8,8,8,7,Ɩe:(50%)LM(30% )L|(20%) ̏Lĉ͊BlXȏꏊɎނɍsĂ炦B,{Iɍٗʌ͂ȂBLMAҏWɌĂ炢AtB[hobN炤BҏWēxҏŴfڂB,|XL:|̎dA`₷gɂ rWlXpb:pŃC^r[邱ƂB,C^[͊{Iɐ͌܂ĂȂBJLɑ݂킯łȂARɃXPW[g܂Ă炦B,COœoȂĂACOœ̃ItBX̊łBɃAbgz[ł₷B,:lXȐlԂɉB̋LcB:f̎ނŃnEbhoD̎ނɂQłB҈ȏ̃C^[eB,oƂ̂Ȃ悤ȐlX̘bC^r[ʂĉƂłB̋Lc邱ƂŖڂŐʂm߂B,8,2017/4/8 6:36,2017/4/8 6:36,2
9,GWjA,6`11,T1`2,1000~`1099~,10,5,8,10,8,10,8,Ɩe vWFNgɂ PythoñeXgi1j 80%vO~O 10%v[쐬A 10%GNZ,vWFNgɂ邪AقƂǂ̃vWFNg͐iߕɊւĂẍӌB̂̂܂܊iƂďo邱ƂB,_python _SQL _GNZXL _Ђł̊{IPCXLiΑӂȂǁj i_v̓XLj,߂̈ꃖPythonŃN[O悤ɕ׋B̌׋鎞ԂĂ炦邱ƂB{Iɂ͎Ŗ{ǂ݂킩ȂƂ𕷂X^CB,ŵŒǂ͂ȂBЈƂ̋͋߂B̕Ƃ̂͂܂ȂwX^btł͂炭B, vOŊwׂ Ƃ͂ǂ̂悤ȂƂ̌ Ãl^ɂ  vO͊wׂ邪vWFNgɂăvOȂ̂v͂Ȃ̂قȂ Ał͘b̃l^ɂ͂Ȃi̋ƊEu]闝RƂēImj,vOŊBv͂Ȃǂ\BƂ肽Ƃ𕷂ĂBqlɂ邱ƂB,9,2017/4/8 6:36,2017/4/8 6:36,3
10,Global Digital Marketing,6`11,T5ȏ,1000~`1099~,5,5,5,8,10,10,6,"Market research, especially focusing on South East Asian region - Preparing and participating in meeting with client (including creating PPT slides, english communication with clients in overseas etc)",Few limits on my work ( except business trip in overseas),Communication skills with Japanese Business manner in meeting Research ability,few training session for interns (generally there is no certain job as the interns. i was the only and first student intern of my team ),"No strong pressure on interns, but strict and hierarchy business atmosphere for Ј","Improving the basic office work, such as PPT, Excel, and basic business manners in Japan",great experience to realize the working environment in Japan and doing business with Japanese members.,10,2017/4/8 6:36,2017/4/8 6:36,1
11,T[`AVX^g,6`11,T3`4,1000~`1099~,10,8,10,10,10,10,9,EƖeFЂJlރf[^x[X̒ANCAgbĂ݂ƎvlނXgĎЈɕ񍐁BpꂪӂȃC^[́Ap|CONCAgƂ̉p̊ȒPȂSBlރf[^x[X烊Xg90ȂKXKvȋƖ10,C^[̍ٗʂ͍LAĂΗlXȋƖ̌łBNCAgƂ̒ڌ́AЈ̖ł邪AΔ\͂ɉĎRɎdĂ炦B,ET[`XLF̒mȂƂAƖsɂĒmׂƂŒZԂŒT́BEΐlR~jP[VXLFEłɂĉ~ȃR~jP[V}邩ɊwԂƂɂȂB,C^[S̎ЈAߍׂ₩ɎwĂBNCAg̋@ꍇ邽߁A@̎戵Ɋւ錤CȂȂǁA{iIɊwԂƂłB܂A`⌎Ɉx𗬉ʂĎЈƘb@A␶wԏƂĂLvłB,aCƂ͋CBāAqĂɂe17莞ŋAȂ΂ȂȂЈɑ΂闝BϋɓIɓv𐄐iĂx`[ƂȂł͂̋Sn̗ǂB,X́AT[`XLグ邽߂Ɏu]AL̂悤ȗlXȊwт̋@Ɍb܂ꂽBPɌ΁A҈ȏ̐ʂC^[VbvB,̒ɂȂƂ̂A܂A݂ǂ̂悤ȃtB[hɎsꉿl̍m邩m邱ƂłBāAЈƂ̌𗬂ʂĎЉlɂȂĂ̐ǂ̂悤ɃfUC邩l悢ƂȂB,11,2017/4/9 6:00,2017/4/9 6:00,2
12,R~jP[V,1`2,T3`4,iʔȂj,10,5,5,8,5,8,6,]oΉĂ炦B̓EFuTCg̕ҏWAptbg̃CAEgɊւB20% ptbg 80% R~jP[V,ӌ͕ĂꂽBɍٗʌȂǂɂĂ͍lȂBقǁAٗʌ⌠Cɂ悤ȎdĂȂƎvB,Љɏołǂ̂悤ȃXLɓƖɗlAȂɔAɐiދ@ƂȂBvO~Oɑ΂鋻[܂B,ɂC^[AłBĂl͊FǂlŁA{lAtXlɃth[ɐڂĂꂽB,ǂӖł`ADȂ悤ɂĒĂƎvBtXۂĂ悩B悭Af̎BeȂǂŎg炵B, tXwłāAgBtxݒɃtXɂȂɊւ邱ƂoƎvB,Ƃ̈Ӗlǂ@ɂȂBtXwłȂ΁AWoBg΃tXgB,12,2017/4/9 6:03,2017/4/9 6:03,3
13,iJ,6`11,T1`2,1000~`1099~,10,8,10,10,10,8,8,ZɋvOJB́A׋@𔭌vOA͐iHڕWvOłBvOJƖ̂POO߂B,Je[}̑I肩JAgCAA̔܂ŁASĂ̌^ASЈ̕ƂƂɃvOJ̑SHSB,_IvlFevÕRec{ړIʂȂǁASĂ̂ƂɈӋ`邱Ƃ߂A_Iɂ̂Ƃl@鎋_gɂB,ٗʂ傫tB[hobNAP_ɂĂׂ͎wEBAǂ_ɂĂϋɓIɕ]Ă炦B,TɂPQԂmtgAȊO͎ł̍ƁB𗥂ȂƁAƂɎxႪoBԂ͑σth[Ń`[[N͗ǂB,ҁFZiHɂĎ̓Iɍl悤ȃvO̍쐬 MbvF׋eɓvO̊Js,鋳vOƂ͂ǂ̂悤Ȃ̂Ȃ̂AgĊwׂBiJŕKvȃ}[PeBOI_gɂB,13,2017/4/9 6:04,2017/4/9 6:04,1
14,fBAJ,6`11,T3`4,1000~`1099~,10,10,8,10,8,8,8,Ɩe:q吶EFufBÅE^cB fUC̊ 30%AC^r[LC^[Ɩ 40%ASNS^p 30%,LeȂǂɊւĂ͎ő啔߂邱ƂłB\Z@֘AȊOɂĂ̓C^[̍ٗʂɔCĂB,E:ۂ̃f[^Ƃɍ̕lĊ邱Ƃł悤ɂȂB̂̂ɗ炸VACfBAło\͂gɂB Ev[:̊Ј̕ɔF߂Ă炤߂ɁAc̍ۂ̃v[͂gɂB,Ј̕ƂSlackʂāApɂɗlXȈӌ킷ƂłB܂T1x͉c肻łւ邱ƂłB,,,,14,2017/4/9 6:04,2017/4/9 6:04,2
15,EFu}[PeBO,3`5,T1`2,900~`999~,10,8,8,8,4,8,7,񃁃fBẢ^c NEh\[VOFPO L^Cg쐬FRO LFSO C^[ΉFQO,^Cg쐬Aǂ̂悤ȋLĂ炤̂肵BLemFAEFuTCgɋL𓊍eB,}[PeBOXLFSEOグ邽߂ɁAǂ̂悤ȓe̋LĂ炦Ηǂ̂l邱ƂłB,݂ɃC^[ŃtB[hobNAP_ɂĂ͕݉BwEBtB[hobN󂯓S\KvB,ItBX͊JIȂŁAxeXy[XȂǁAlԍHwɊÂ݌vB̎咣͂ʂƂЈB,ҁFEFu}[PeBOXL̑̓ MbvFGIvf̋dAĈƂ̘AB,EFu}[PeBO̊bIȒmgɕt邱ƂłAEFuTCg^cSEOȂǂɊւImEnEgɂB,15,2017/5/17 14:49,2017/5/17 14:49,3
16,rWlXS,1`2,T5ȏ,iʔȂj,8,5,4,8,8,10,7,yƖe(2015Nē)z ITJi_ɂāAۑSړIɗlXȐIsȂĂ܂BJi_ł͌oςdn[p[Ă܂ANPO͊dNew Democratic PartyLiberal PartyĂ܂BǏʁALiberalIAJustin Trudeau񑊂ɂȂ܂B ̓IɎ EPipeline΂̏ (50%) EĂlɑ΂ēdbŃJi_̐󋵂Ɋւdb(25%) ElȂǃf[^(25%) sȂĂ܂B,ǂɂɍsAǂɓdb邩Å邩ȊȎ̂̍ٗʌ܂B :ItBX̊JAf[^̃ANZXAďɂ鎩Rɓ錠,ER~jP[V\ : łdb΂ɂĂASmȂn̕XƒڎւɍsȂ΂Ȃ߁APipelineɎ^Ăln[p[𐄂ĂlȂǁAFXȍlĂl͂A̒ŎsɊւR~jP[V\͂͂Ǝv܂B EK\ : ItBXɂN킸FXȕ܂B͗B̓{lŉplCeBuł͂ȂAJi_̐ς蕪܂łAȂɕȂƂΎ͂̐lɎ₵AFBlȂ̂ŁAItBX̐lUċx@肵܂B,EDl΂肾ACȂǂ͈؂ȂBłS̑Oɑ\̕ƃ~[eBOĂāA邩Ȃǂ͐Ă܂B EԒOrganizingɊւǑCQ@͂܂B̂ŁAgD\ɊւĖ𗧂lۂɘbčsł̃[v܂B,EƂĂƂĂȈꕔ̃ItBX(Vancouver{̏ꍇB鏊Ɏx)ŁAK͂ȃItBXƑ吨̐lzĂ̂ŁAvĂ藎łB EĂVancouver{́AZ^[XłWaterfrontw10炢ŁA߂ɂ͍`肷񂠂܂B`^CȂǂ͂̌̃x`łĐHׂ肵܂B EItBXɂ͗Dl΂B{l̒U߂񂪂Ji_lāÂƂ̖̂悤ɗǂĂ܂B,: p͌Ɗɑ΂ē邱Ƃ̌o Mbv: L̂悤Ȋ҂Ċn߂܂Aŏ̓f[^͂ȂǓ{ɂĂNło悤ȍƂ݂̂̂ŁAJi_ɗĂ܂ŉĂ񂾂낤ƎvĂ܂BłAŐFXȒn̉ƂK₵ȂAdb΂ĂɁAJi_̐󋵂⊈e̖ړI𗝉ĂƂłAXĂ҈ȏɓ̂͑悤Ɋ܂B,ɂĊe͈قȂ܂A{l͂Ȃ̂ŏɉpŋƖsƂɂȂ܂BȂƂA肽Ƃ`ƂASĉpłBm荇lBJi_l⒆l΂łBȂ̂ŁAVɎuĂ݂ACO̐Ɗւ肽Awł͂ȂJi_ł̐oĂ݂ɂ́ANPOł͖̊ʔƎv܂B,16,2017/5/17 14:49,2017/5/17 14:49,1
17,WebTCgE,3`5,T1,iʔȂj,10,5,8,8,5,5,6,EƖeF̈nlނɌĂ̓]EEAEEZ~i[ƂĂƂ̃IEhfBÅEsBAX[g]EÃC^r[ȂǂڂāAƂƂ̍ʉ}B EFݑiER[h\zEAfUClāj80%Aci~[eBOj5%Ȃi^[̃̕tH[Ȃǁj15%,x`[̂ŁA̎悯΂̊悪ʂ邭炢ɕʂ͂悩BōlA}[PeBOsAv[͂Ǝv܂B,EWebTCg\zF{IɎ̗͂ŕ׋AWebTCgĂƂŁAWebTCgOƌ͔ɒbꂽBƂȂ΋͂Ă郁^[̂̕ŁAɊƂĂ͏[ĂƎvB EϋɐFx`[Ƃ̂Aoc҂̕uǂǂlėvƂX^XBCIł邪AŐʂoɂ͐ϋɐ͕Kv̂ŁA͒bꂽB EꂽƂ\́FÔ悤ňԂ낻ɂꂪȕƎvBoc҂͂̕ɏdȂĂāAȂǂ󂯂BŌꂽƂ\͂gɂB,قƂǂݑŎŕ׋ƂB삲ƂɃGLXp[g̃^[̕ɑkł͐ĂB,ۂɎdĂ鎞͈l̂ŃItBX͋̕CȂǂƂ͓̂ɂȂA񌎂PłcHɘAčsĒۂ͐e؂ɔMbĂāA͂悩ƎvB,ҁF|IɐłABł MbvFvȏɈlBWebTCg\zIOɎĂ܂B,ŉB́A^[̕ɌĂ炢Ȃ玩łǂǂł̂ŃIXXłB܂AlŐi߂邱Ƃ̂ŁAlōƂIXXłB,17,2017/5/17 14:49,2017/5/17 14:49,2
18,鏑,3`5,T1`2,iʔxj,8,4,8,8,8,5,5,EƖe:ɔ鏑̕⍲Ƃčc̎ŊB̓Iɂ́AސȂǂ̎IȍƂcm̎dT|[gƂėՋ@ςɑΉBcm̃erԑgⓢ_֎Qۂ́AOɉߋ̋c_𐮗Advv񂵂ă|[g쐬BE:50%A30%ލ쐬A10%fBAΉA10%ڑ,͎IȎGpSA̐l̗͗ʂɉĔ鏑̕Ɠx̍ٗʂ^悤ɂȂBAS鏑⎖ɂčق邽߂ɈTɂ͌ȂB,Eď:IȍƂɑfmɎdグ邩Bŏ͒PȍƂC^[͔C邽߁Al̑nӍHvŌ̍ٗʌő剻łƊBEڏ̕Ƃ̃R~jP[V\: C^[Vbv̐ڑ҂͎ɍcÃgbvbx̕XłBɌhpAɑ΂Ă͓XƎ̈ӌƂdvƊB,eɉĈقȂ邪A琧x͖ƍlėǂBʓ|̗ǂcm鏑ƒǂȂ΁AeË̐lƂRlNV邱Ƃ͉\ł,͋C͖邢BɂĈقȂ邪A{IɃC^[ɑ΂Ă͗DB̏ꍇ͔鏑̕ƘaC\XƎdȂĂB,:ɂȂBMbv:łC[W͖ȂAcm̑ZɋB܂AEĂ̂͐lԂłƍĔFB,ʏ߂ɗ邱ƂłȂ̎ŎdłBɗDGȔ鏑ƂrI߂Ȃ̂ŁAEɋlAɊ֐Slɂ͒ڎԂ◠m邢@ɂȂ邾낤BC^[VbvƂڂAmȃ}jA܂Ă킯ł͖߁Ag̗͗ʂMӂŗlXȎdCĂ悤ɎvB(IŃEOCXĔCĂĂmlB)ɑSȂlAőɖ@Ȃ̂ŐloƂĎQĂƎvBʏEFuTCgŌ債Ă邪Aml̑cmߋɃC^[sȂĂlɗ߂ΔNQ\B,18,2017/5/17 14:51,2017/5/17 14:51,3
19,c,1`2,T3`4,900~`999~,10,8,10,8,5,8,10,sTCg̖@lT[rXuR[|[gT[rXv̉cƁBdbcƂƐ\ݎ葱̎ƂŜ100%ŎЈۂɂĂƖsBnꂽXg̊ƂɓdbĉcƂsAۂ͎󒍂ғ܂ł̃T|[gB,^ꂽm}ɌēdbcƂ邽߁Aٗʌ͂܂ȂBAdbcƂPł͗lXł̈Ӗł͌l̍ٗʁAŌʂɑ傫ȕωB܂ÃC^[Vbv3iKɂȂĂAʂƊ]Ŏ́uṽC^[ɐiނƂłB,EdbcƃXLFdbłǂɓ`邩AtbAƂ̐M̒zȂǁEv搫F߂ꂽԂłǂm}ȂĂAAꎞԒPʂɗƂŋƖ𐋍s,ŏ2Ԃ͈T[rX̐Ɗ{Iȓdb̊|ɂČCB̌11ŎЈ̕ATԂɈʒkBΖfXNŎd邽߂킩ȂƂΉłƂł邽ߎ߂΃T|[g͎BsΎЈ̐lƂɍs@AЂɂĂ悭m邱ƂłB,͋C邭AJԁBR~jP[V₷悤ȍHvĂACyɃ~[eBOł悤ȍɂȂĂBC^[̃fXN߂Ăꏊł͂ȂAɂčꏊƂȂA₷B,uAȏAƑ̌v邽߂ɐ\񂾃C^[ŁAҒʂ̂Ƃ̌łBЈ̕ƓꏊœƖsƂŁuƁvɂČƂłB,AEɂĎǂ肽Aǂ߂čl@ƂȂBЈƂ̖ʒk⃉`AC^[ԂƂ̏oʂĎgɂĂUԂǂ@ƂȂB,19,2017/5/17 14:51,2017/5/17 14:51,4
20,n,1`2,T5ȏ,iʔȂj,10,8,8,8,8,8,6,Ɩe: AEgoEh(AĴql{֗sP[X)ɏA{Iɂ͂ql̃`Pbg̔s葱`BpX|[gƂ̖O̕svȂȂǁAmFƓ̎ɍsĂB `Pbgs葱̕⍲=80% ̑̎=20%,̓T[XxX͂qlƓdbł̂łׁAbm̂Ȃ͂qlƂ̒ړIȐړ_͗^ȂBÅ̖mF~Xłql{֗soȂȂĂ܂悤ȐӔC̑傫d舵ƂłB,ӔC: ̔s葱IėXŃ`Pbg𑗂܂łɎԂ邽߁A~XȂǂ΂ql̗sɉełĂ܂悤ȎdłB̂߁A~X̋ȂAӔC̑傫dł̐S\ƐӔCwԂƂłB,ԎЉ̃AJł̂ŁAʋ΂͎Ј̕g̎Ԃɏ悹ĂȂǁAz͂ƂĂBxȂǂñCxgɈꏏɎQȂǁA𗬂B,͋C͖邭ADЈ̕B`FŎGkȂHׂȂǁAR~jP[VƂ₷B, : sЂ̊{IȎd׋Blł̂ŁAqlƂ̂̎dg݂Aǂ1̗Ȃ̂wԁB Mbv: {Ƃ͈قȂAXڋqƂ̂Ȃ̂ɋB`PbgcA[̗\͑SēdbłȀdvmB,wł͖킦ȂAƂ邱ƂłBAoCgƂ͈قȂA̍sБŜɉeƂƂw񂾁B,20,2017/5/17 15:21,2017/5/17 15:21,1
21,E,2Nȏ,T1,iʔȂj,10,10,10,10,10,10,10,LrAe_gCxg^cAqƊEu]̏ACxg^cAInstagram^cAx`[T~bgt`B e̊B,ВC^[̈ӌɂ^ɌĂAٗʌ̗ŃfBXJbV邱ƂłłB,R~jP[VXL:ВR~jP[V̒BlłȂŊwԂƂł邱Ƃ͎gɂƂĔ킫傫ȌołB܂AFȏɘAĂĂ葽̎Љl̕Ƃb@ƂłAR~jP[VXĽɌqB,ɃC^[₢ĂłB܂AǂȂƂӌăC^[ꂼɈႤg݂ĂA{ɂ̂ȂoƂȂB,ВΊŖ邭ڂĂA͋̕C݂Ȃɓ`dfGȊłB݂Ȃ̗̒ǂA͋C͗Bꖳ̂̂B,C^[u]ŔAAEOɑ̎Љl̕Ƃb@ƍlƁBC^[ł́ȂzВłA̎Љl̕Ƃb@A\zyɒ葽ԂƂȂB,В̋NƏoƂ͎ɂƂĖ{ɑ傫Ȍ_@ƂȂB܂ŏoĂl̒ňԓ鑶݂ƂȂAŃC^[ƂēƂ͕󕨂̂悤ȎԂƂȂBɂXDđfGȕX΂ŁAƂƊ撣˂΂ƎvuԂAɎhIłB,21,2017/5/17 15:21,2017/5/17 15:21,2
22,}[PeBOAҏW,6`11,T1`2,1000~`1099~,10,8,5,5,8,5,3,C^[OSOESBXf[^̐SNS̍XV`FbN100% C^[̓RecɌfڂL̎M100%,Rec쐬ۂ́A{Iȓe͎w肳Ă邯ǁA{IɎRȓeōlĂ܂B,^C}lWgXLA͍쐬XLAITpXLȂǁArWlXŕKvƂ{XLgɂ܂B,ЈC^[ƂłB肽ƖςΏ_ɑΉĂƂłB,px⎞Ԃ͂ƂĂ_ɐݒ肷邱Ƃł܂BŋxłA₷łBƍٗʂ̂Ԃ傫Ȃ܂B,Ј̕⑼̃C^[ƋƖŊւ邱ƂȂƂScłB̑ԓxŉłƂłƂv܂B, ITƊEٗʂ̑傫do₵Ă݂AƂ⑼̊ZǓĂ݂ƂlɃIXXȃC^[łB,22,2017/5/17 15:21,2017/5/17 15:21,3
23,"GWjA	",1,T5ȏ,1100~`1199~,2,8,8,8,4,10,9,EƖeFۑ肪RAeTɂP̉ۑɑ΂Ă̋ƖvOlAۂdelphiƂ\tgpăACfBA`ɂĂB[NX͊{IɊƂ̋ƖP邽߂̃\tgEFAJ鎖ƂCƂĂ̂ŁA̋^̌B FƖ̍וFRO@ƖPčlāFTO@vO~OFQO,̃C^[͎Ј̋Ɩ`ƂŵOtoPvl_Ivl͂bvOɂȂĂ邽߁AٗʌƂTOȂB,E_IvĺF؁AC^[lbg͎gĂ͂ȂAO[v[NF߂ĂȂ̂ŁA^Ɏ̓ōlƂƂ߂B Eoto1vlFNlƂ̂Ȃ悤ȋƖP\tg邱Ƃ߂Ă̂ŁAۑ蔭u[NX[悤ȉĂ܂ŎoB,tB[hobN󂯂鎞Ԃꂼꌈ߂ĂAЈAhoCX炦BvO̒łЂ̒ŗDG܂Ƃl̍uЈɋCyɂHׂȂГ𕷂ȂǂB,ItBX̊͊ƎEiŁAp\R[ƕłƂłꂼꂪفXƍƂƂB,ҁFƂĂ0to1vl_Ivl͂bvO~O׋悤ƎvB MbvFƂƈlŖفXƍlĘ_ςݗĂ̂Ȑl̋~Ϗu͂܂ȂBAvO~OdelphiƂNgȂ\tgĝœɊwт킯ł͂ȂB,̃C^[ŗDG܂ƁiP/RjƌQNԗL̓pXƊ{̂PUɉĂQOt^iN͂TOȂ͂RUƃVRo[cA[łjB ̃C^[̑Il{̂ŁAAEɗLB,7,2017/5/17 15:21,2017/5/17 15:21,4
24,ocAv[VAiJAlA^cVK,2Nȏ,T3`4,1400~ȏ,10,8,10,10,10,10,10,yƖez E(ȓeAk̐lɌʒkȂ) EHRM(WE̗pEzuE琬E]Ȃ) Ev[V(V܂荞݂ẘŔȂǂ) Eoc(oc헪̗āAZɓWJ⎖Ɣ܂) EiJ(wvO̍쐬ACxgASCx̊JET[xC̊JAweLXg̊JȂ) EVK(VKƂ̗グ) yz C^[70x̂ŁAȂlɂ܂B ɎgރC^[΁A oc҂ɋ߂|WVŎdC^[܂B,Г͗^d͎ɋł邪AptH[}XoāAMlƎ̖]ގdo悤ɂȂBŏIIɂ͎ЈƂقړ̍ٗʂēƂ\łB,ǂȏꏊłՓIɕKvȔ\(|[^uXL)gɕtB EΉۑ ۑ𔭌A@ƌvlA͂ŃvWFNgmĐiXLB EΎ ̐iIȎ KvȏɔYł܂BEϋl̘b𕷂ȂBD悵ݎȂBȂǂPłB Eΐl ̍l肭\zA͂Ęb́B[_[Vbvă`[ޗ́Bo[̃`x[VRg[BȂ,ЂĂ烌xƂɐ̌C󂯂B O[v̐eЂgDRTȂ̂ŁAC⋳琧x͂Ȃ[ĂB{IɓЂ̓^[1lȏアāAT1̃`͉Ђ̕⏕oBЈƂ͕ĩR~jP[V̉A31ʒk`ŐUԂƖڕWݒXl̐lɊ肻悤Ȍ`ňꏏɍlĂ炦B,EaJ/Ru/k̉w5ȓ̍DANZXȏꏊɃItBXÃfUCi[݌v̂łB,ҁFn̊ƂŁAocȂǃrWlXɌgAǂ̂Ŏu]B MbvFƂ͍̋̂ŁAKbc΂̕ӂ̐V炢͉҂lBŁA̋ꗥȂ̂ŁAƖeɂTɌoNXΕł͂ȂB,قȃXLȂǂKvƂȂ͂قڂׂẮud́vgɒB؈ꕔƂ̖ƓIɎdAтɍŝ͐lɂƂĂɑ傫ȎhƉe^Ă炦B,23,2017/5/17 15:22,2017/5/17 15:22,1
25,s,3`5,T1`2,iʔxj,8,8,4,8,8,10,7,s(TCgɗs𓊍eA\҂ƂĎs):75% Ɨ(3Ԃ2قǃrWlXReXgAeO[vɕĎƌv):25%,s͊elɔCĂ̂ŁA̍Dȏꏊ߂ďWq邱ƂoBlƂSƂȂ̂ŁAȂٗʂƌĂ悢B,E}lWgXL ɎQl͂قƂǂЉlł邽߁AcA[R_N^[ƂĔN̕X܂Ƃ߂KvB E}[PeBOXL ǂ̂悤ȗs悪WqƂď肭lȂv悷̂ŁA헪@RɐgɂƎvB,,,,,24,2017/5/17 15:22,2017/5/17 15:22,2
26,RTAÊό,1Nȏ2N,T1,800~,10,5,8,8,8,10,10,"GNZgďW80%,Òʖ20%(gp) ȊO̓ItBXGAŎƍĂ݂肵",ÒʖɂĂ͂qľf1ʂĒSBC^[グ鎖ƂɂĂ͍ٗʌ傫,,,,,,25,2017/5/17 15:22,2017/5/17 15:22,3
27,Finance,3`5,T3`4,1000~`1099~,8,8,8,5,8,8,8,"50% - Data search (Bloomberg, Internet) 30% - Organize Exel data 20% - Attend companies' financial report meetings",I wasn't given much authority over the work. My main job was to search and organize the data of my seniors.,Bloomberg usability - I learned how to use Bloomberg machines overall,"There was no systematic training for interns. It was a small company and I was the only intern. I was given a manual for interns, and had to learn by myself most of the times.","Because it was a sell-side research firm, individuality was very strong in the office. Office was quiet the most of the times, and there was rare interaction between workers.","Expectation: learn how financial company runs, see how sell-side institutions work, feel the atmosphere of research firms Reality: I was able to experience how financial companies run, and see what sell-side analysts do","Doing this intern, you get to understand how sell-side research firms operates. You get to understand what data is important, how to find those data, how these firms publish their reports.",26,2017/5/17 15:22,2017/5/17 15:22,4
28,AD (ԑg⏕Ɩ),2Nȏ,T1`2,1000~`1099~,4,8,5,5,8,8,4,Ɩ`Ԃ͊ƃoCgBj[XԑgłADƖ[100BfBN^[̕⏕₻̑GpȂǐɊւ鏎ʁBȋZ\͕KvȂAЉlƂĂ̍Œ̃}i[̓IA_Iȃ^t߂B,܂ŃfBN^[iЈj̕⍲ȋƖȂ̂ŁAŗǂ⌠͂قڗ^ĂȂBAԑg삳Ăߒ̓IȍƂm邱ƂłAfBA֌W̎dɂƂlɂƂĂ͂ƂĂ׋ɂȂBЈƂ̐M֌Woオ܂ł́AȂȂdCĂ炦ȂAnɊ撣邱ƂŎdB,}lWgXLC^[̗̍pAɌgB}jAdł͂ȂAdȂĂp]̂ŁAϋɓIȃ}Chyɓ`ĂƂ؁B ӔCSN_ł̌ٗpłA܂Ɩڕɉe^˂ȂdȂ̂ŁAdɑ΂ӔC{ƂłB,͊{IɐyC^[󂯂BЈ͂܂C^[ɋ͂ȂBɒjq́A1AQNĒnɏM֌WzA悤₭ɂĂ炦B,Eꎩ͖̂邢BOq̒ʂAЈƐM֌WẑɎԂ邪AxlOƂĔFĂ炦ƁA̗b𕷂Ă炦݉ȂǂɂĂł炦B,}XR~ƊEɋA̗ߒmA邢͂ɎQƂ҂͏\ɖꂽBAm肷Ă܂ƂŃ}XfBASʂւ̐MꂽB,}XR~̐EŁA̎ЈƓ悤ɎdłƂŊwɂƂĂ̓bgɂȂ肤Berǂ̎Ј̔źA_Aۂ̂悳ԋ߂ł݂邱ƂłB܂AlƃR~jP[VƂ邱ƂÔ悤ɕKvɂȂĂ̂ŁǍo͊wOł̊AEɂ邾낤B,27,2017/5/17 15:22,2017/5/17 15:22,1
29,ۋ@,3`5,T5ȏ,iʔȂj,4,5,8,8,8,10,5,CxgLy[Ȃǂ̊Ǝ{̃T|[gi20%jAEE̕⍲i20%jASNSł̔zMT|[gi20%jAVNbsOi15%jA|i20%jAAK₷钆ɑ΂u[tBOi5%j,x̍ٗʌ^ꂽBCxg^c̍ۂ⍑A{Vsۂ́AC^[ƂĈӌACfBA߂Aꂪ̗p邱ƂBuOLȂǂAC^[̂ƂɏCꂽB,EL쐬XLFLp̋LMۂɕȂǂŒӂ_𒚔JɎwĒB E|Fdvȕ͂ZpIȕ͂|󂷂@B ÉF3~6̃C^[ƋɍƂ邽߁A`[[NӎĎdɎg񂾁B,ɃC^[󂯓邽߁AV̂߂̃}jA󂯓̐͐ĂBEŵł͂ȂAC^[mwƂɂȂĂ̂ŁA鑤͋Ɩł悤ɂȂȂ΂Ȃ炸A[Ɩɂė邱ƂoB EC^[AC^[ItBX𐷂グĂƂۂB,ItBX̊͖邭I[vłAEm̘Ag܂ĂȂ悤Ɍ󂯂ꂽBC^[m͒ǂAɊyJłB,nK͉ۑ̉Ɏg݂A͍ۋ@ւœƎvA{C^[Vbvu]BC^[Ԓ́A傤ǁu\ȊJvOvnłAn֌W̃CxgL̎Mɂ邱Ƃo߁AłBAΖƂANĂuv̋ٔ܂邱ƂoA̓_ɂāA҂Ă̂Ƃ̃MbvB,AۓIȎd⍑ۍvƍlĂlɂƂẮA{Ɍg肽dȂ̂ɂ߂邱Ƃłǂ@ƎvB{C^[VbvʂāA͂ǂŎЉɍv̂薾mɂȂƍlB,28,2017/5/17 15:22,2017/5/17 15:22,2
30,,,,,,,,,,,,,,,,,,,,,,
31,rWlX,6`11,T3`4,900~`999~,5,5,8,10,5,8,9,EJǗ30AOϑƖiELy[j40A@lE|10A̗pƖE^c20,ٗʂƂĂ͊ւĂe̎Ј̃AVX^gȂ̂ŁA܂ȂBЈ̍쐬ГVXeǗ@ɈӌƂ炢B,EЉlƂẴ}ChZbg EЊOEГ쐬XL ErWlXt[̍쐬XL EIȉc̐iߕ EƂ̃R~jP[VXL EWJvl Ef[^p@ EXs[ĥd̐iߕ,̏iƂȂЈ͕āAꂼvĂ͈̂Ⴄ̂́All^ɎƌĂꂽB薯ԊƏog̕X΂肾̂ŃtH[AbvtB[hobNK؂ŁAЉlƂĕKvȃ}ChZbg@łꂽB,J́AUEn[h[NŔMB{CŉЈۂƂȂāAwXPAŐEς悤ƂĂ̂ŁAЈ̃rWƐ^ɌĂl΂BނAɂĂȂƍȂȂAooȃX^[gAbv̘J𖡂킦AXs[hĊyB,C^[́AЉɏoOɐΌoĂƎvAIɃwXPA̕ɂƎvĂ̂ŁAFiNC̗OɎ^AWCBŏ2́A{Ɍg肽ƎvĂۂ̃rWlX̌ɐG邱ƂłAĂBGp΂肾ƊÃo[oȂBAЈCyɃ`ɗU悤ȋԂ̂ŁA]̎Ј`ɎUAv`B́A@lrWlXɓ`[ɓĂ炦A]̎dłB,ЈłȂւĂwFɗDGȂ̂ŁA̎uC܂BrWlX݂̂Ȃ炸Ah{mg[i[̗̊wƂG邱ƂłAlXȃobNOEh̐lƎdoBO̐lu׋pɂɍsACvbg̏ƂĂœKBƂɂВDGŔMlȂ̂ŁA̐lɂĂƎv悤ȐľA`x[VۂȂ瓭B,30,2017/5/20 5:14,2017/5/20 5:14,4
32,,3`5,T3`4,iʔȂj,10,5,8,8,10,10,9, 18tR	fnxn;  <  Snk Y_koM2naM&&	4YŁLB4W_kHxn-goDթ:W_np	L;k2` mم  mtftn!KnDxhoinFjnKH;HLjc_  PRkK]^34	#:֊jL;HWSW_]^LKf;ՒWfD__SgYShoWDLhShWf;H85%5%10%h c_X`FK  mمo{hi;nHcnpWgB;ffo>Knգï{|hfL)Y	QcLFգïo;k>KnngBL>oƣLnJjLO4nXhWfnXjiohW_^8knDգïQShLgM_~_WjOBWfO`UShK>n,:FShLgM_KjU	̖LxȕA̒mAlƂĂ̒mȂǂwiƂɎ̍tB[hobN󂯂邱ƂłB܂ɂ݂ȂԂ𓊎Ă邱ƂAЈ̖{CxfƂłiȂ芴jB,wƂ͂ȂBQ҂GEWp̎ЈƂẴC^[Vbvɖ]łB @ō̊邽߂ɁAЈ̎ԂƏꏊAomɂ݂Ȃ񋟂Ēi߂ȂΗ^ȂjB @ @閧ێ`ȊOAٗʌ߂悤Ȃ݂̂͑AނٗʂȂƌ悤ȋCBi߂͍̂ő񋟂ƂpjAĂ͓RɊҌȂ΂Ȃ炸A̌ʂ߂iȂɊ撣͂Ȃ̕]ꂸA`ƂČʂoƂvjB,EWJVLOF|Iɂ̔\͂gɂigɂ𓾂ȂjB̍sׂɂǂ̂悤ȈӖ̂AĂ͉̍Ȃ̂BɍlAWbNςݏd˂Ȃ΁A悪iނƂ͂ȂB E̐FgɂȂΓrŒEBsl܂邱Ƃ΂̒ŁA񋟂ł鉿l͉ɍlA񋟂ȂΎȂ̑݉lƂƂȂB EڕWKBvlF̊ɂǂ܂ł邱Ƃł̂BxłčldˁAō̊ɂ葱ƌڕWKBvl͒bBËȂAȂƂx܂ň̖ڕWɎƂóAł͋l߂̂ł͂Ȃ낤B EuIvĺFۂɐC^[Vbv{钆ł̕KvɊBA^Cŕiŝɍ킹AΏۂώ@AőP̈łƂx߂BꂽԂƏ̂ȂŁÄӌ߂ْƌóAvl̏u͂bō̏ꂾ낤B,{IɌCȂǂ͂ȂBlЈi2`3lj^[ƂȂAmessengerȂǂł̓IȂ肩AcgpẴ~[eBO܂ŁȀî悤Ȋ֌WŎdsB @sȂŁAWbN̍\zvl̐@ȂǗlXȏ󂯂BőP񎦂̂ł͂ȂAC^[IɃXLzƌX^CB,ItBXł͍ƂsȂĂȂB{Iɉcip[e[Vŋ؂ꂽjŃ~[eBOAƂsȂB @ЃtA̐AЈ̃NCAgւ̑ԓx͔ɗǂBR̂ƂȂANCAgK҂ɑ΂߂͓OꂳĂB̉ЂɃC^[VbvIlŖK₷邱ƂƂȂAقǗ߂ЈɓOꂳĂЂ͑ɂȂBNCAgt@[Xgiql͐_lłƂӖł͂ȂjfĂ邾͂B @ЈC^[̘J͌ƌ킴𓾂Ȃ낤BlރRT^gЂƂAԘJɂȂ肪ł͂邪AĂyȎdł͂ȂƂ͊mBJĂƂAЈlЂƂ肪iŎdĂƂƂ͋CBЈɊCAȐƂƂɎőgDŜƂĐ悤ƂzB,u]@F̎͂͂邱ƁB MbvFɂȂBɎ݂̎˂B @܂ŎЉœiAoCgjƂƂoƂȂAǂꂾł̂Ă݂ƂvAC^[VbvɎQB @C^[Vbvł́AuʂovƂ̓xA݂̎Ƃ˂ꂽBܘ_A҂LĂȂ݂̋i^[Ƃ̑ΘbŖ炩ƂȂjʂ邪AȂ̒ړIȖxɌqĂ̂́A͂u݂mAPov낤B @vWFNgi߂钆ŁAȂ̎_FʂBvWFNǧʂoȂA̎_PĂƂƂ͗eՂȂ̂ł͂ȂAԂ΂ꂼ̃o[_PȂ΍ō̌ʂoƂ͂łȂ̂łB @A͂Ɓu͂ꂾЉɒʗpvƐ錾邱Ƃ͂łȂAuЉɂČʂoƁvu̗͂mA̎_P邱ƁvoȏAu]@͖ꂽƌ邾낤B,^8kWDgD؁HkH_Sh  pnLY-gL]^71q	YShhj]Sgjn`njWkcbKWDSh DHkH_Shon#`D ,j؁FhK k5hKDFngojOchӢkKhWf,gKhMcfwYhDFLojKjKgMngojD`F ShLgM  Sk^kD~_Kgni`Q>YShLgMnKL*cfDcfDoiSgB]9Y_koinFjLՒYyMjnKhDFSh8kHQShLgM]WjQpעY	gB~_nS^jPLS
OhSYji	ShgnMH_hjSnnM	okDfjDShkoKjD,<j1w;ՒˁMkgSgMShko'MjLB hmnY[YShLgM  גWfL,SkSnSnR_mgM_DnKgHShLgM  k>hOnBq	W>d~gShge>Mn߹LzYNOgMגWfnhmnh[LFShgDKDΒa jOShjO1w;Ւ2ShLgMhDFg^8k	jnh H`FB @ۂɎЈƑ̎ԂLAЂ[w܂Œm邱ƂœБÕ~X}b`mႭłBC^[VbvʂĎȂ̗zƊƂ̌ƂC荇킹sƂŁAiKLAIȗz`ƂȂAEi߂邱ƂłƂ_ŔɗLvȂ̂ƌ邾낤B,31,2017/5/20 5:14,2017/5/20 5:14,1
33,}[PeBO,3`5,T3`4,iʔȂj,8,5,10,10,8,8,8,Ê܂Â߂邽߂ɂǂ̂悤Ȏg݂Ă̂AqAOCxg^c⏕ȂǂŒmAl̃e[}ɉv[쐬B ƃqAO40%A^c⏕̊ɎQ30%Av[쐬30%, Eٗʌ͂܂Ȃ悤ɎvB炩߃qAÕXPW[܂ĂāAǂ̃CxgɎQ邩܂ĂBA̐ݒ肵e[}ɍŏIv[邽߂ɁAIɃC^r[邱Ƃ\ȊłB,E}lWgXL 100ԂƂĈȂŁA̒Ǘ邱Ƃ͂񂾂AԓɎ̍ŏIv[邽߂ɁACÂ^ⓙm[gɏ߂ĂȂǁAԓɐʂo߂̃XLgɂB,C^[VbvS̕A܂߂Ƀ[Ⓖڑkɂ̂ĂBЈɃqAO@Aꂼ̒Sǂ̂悤ȎdĂ̂m邱ƂłB̐ʓ|͂ƂĂǂƎvB,悭Ê悤ȕ͋CB݂ȂƂ݂炢̃GAɂACӂɈʒuJIȊłƊBC^[VbvS̕ACӂ̃XgŊ}JĂBE̕XAC^[VbvɂƂĂDΉĂB,Љڎw߂ɁAǂ̂悤Ȏg݂KvȂ̂ɂĊwׂ΂ƍlĂBۂ́ALwԂłȂA͂߂Ɏ̃C^[Vbṽe[}߁Aԕ񍐂e[}Ɋւwт܂Ƃ߂ŏIv[Ȃǂ̋@^ĂA󂯐gł͂ȂlsłC^[Vbv̌ołB,ɌOlւ̎xA{lւ̓ɂāA܂܂Ȋpx̎ƂɂĊwԂƂłBE̕ɘb𕷂Ԃ񂠂邽߁AlЂƂ̎dɑ΂vA肪m邱ƂłAQlɂȂB,32,2017/5/20 5:14,2017/5/20 5:14,2
34,GS,1Nȏ2N,T1,,10,10,10,8,10,5,8,Cxg̉^cɂāA̔i̔݉cẢ^csB܂AsB Cxg^cFVT@쐬FQT,CxgɂĂ͔iE݉cE^cɂāAЈ̍ٗʌB쐬ɂẮAЈŏImFĎ蒼ĂB,EϋɐFCxg͋Ɩł邪A̐lLD̋@łBϋɓIɘbɂƂ߂ꂽB E̐FɎ̈ӌ߂ꂽ̂ƓɁA̘_߂ꂽB,ЈRl̉ЂȂ̂ŁAɋ߂Őڂ邱ƂłBAC^[炸A܂WĂ킯łȂ̂ŁAxƂĂ肵ĂƂ킯ł͂ȂB,o΂ƂŎd邱Ƃ\łBItBX͊JIȋԂŁAɃAhoCX߂₷B,nnɋAn̂⒆ƂNCAgƂdAĎЈ̐lԐɎ䂩ăC^[u]Bۂɒn̂Ǝd@^ꂽBAmZpƂ֌WÄČɂgȂƂ̂҂Ƃ̃MbvłB,nɋlXۂɒnŊ􂷂lXƋ߂ŘbƂł̂͂ƂĂ傫ȃbgłBAEɂĂAhoCX炤ȂǁA֌WzĂBȂ̂ŁAƖ̃vtFbViɂȂƂ́Al\zlԐ̐ƂAC^[瓾̂B,33,2017/5/20 5:14,2017/5/20 5:14,3
35,EFuAVX^g,6`11,T1`2,1000~`1099~,10,8,8,8,8,8,8,EFȗgfUC̃vjOEFuTCg^c̕⏕BEFuC[t[30%AEFuRec̍XV30%A|[g쐬30%AEFuRec쐬10%,EFumȂ߁AЈٗ̕ʂ͒Ⴍ߂Ab₷B₵₷B,"^C}lWgXLAMicrosoftc[XL(p|A[hAGNZ)AAdobe\tg(Photoshop, Illustrator)A`[[N",C^[D}Ă̐ĂBCyɘb₷Bx݂₷BMSɐFXĂ̂ł͂ȂADȂ悤ɂ点ĂB₷ƐFȓB,NRɋCyɓB`1ԒĂvB݂Șb₷BГɃnbNĂłgpłB,EFu̕@m肽ēBҒʂEFuɕKvȗvf͖ԗBvO~Oł悤ɂȂ邩ƎvǁAR[hɐG@͏Ȃ̂ł܂oĂȂBfUC̎d̓vO~OȂAdȂ׋@B,w̎Ƃł͎킩Ȃd̐ʂ킦B܂dł̃`[[N̑؂wԂƂłBfUCɋl̓fW^}̂Ǝ}̗̗ǂm邱ƂłB,34,2017/5/20 5:15,2017/5/20 5:15,4
36,rWlXS,1Nȏ2N,T1`2,900~`999~,10,10,8,5,5,10,6,Ɩe: ̔@yтɔCxgJÂȂǂ̋ƖAT[`B 30%: Cxg 50%: Cxg^c 20%: T[` ̓Iɂ́AƂȂ悤ȋNƉƂW߂邽߂̃Cxg悵A^cB T[`́AЈ̐l炨^AɊւĎȂɂ܂Ƃ߂ƂeB,ٗʂ͂ƂĂ傫ĂvȊłB AVCƂx含KvƂdł邱Ƃ͌ĂB,E: Ȃ̃nCy[XŃCxg悵Ă̂ŁAȂB ERs[CeBO: Cxg̏WqɑւĂ邽߁B EXLł͂ȂAX^[gAbvƊEɊւmƂĂgɂB,^[xȂǂ͂ȂA{Iɂ1lŐi߂邱ƂɂȂ邪A̓sxЈ̐lɕƂłBȂ莩RɎdC邪A̕Փx͍Ȃ̂ŁA͂B,ItBX̓VFAItBXƂȂĂāAlXȋNƉƂ̓ɌȂdłB܂Ał̎dF߂Ă̂ŎƂƂ̗Zʂ͂Ȃ肫BP_́AItBXVFACƂnɂ̂łƂĂʋ΂Â炢B,: VCƂďAʂȃXLgɂ̂ł͂ȂƔRƊ҂ĂB Mbv: C^[̌ꂽԂł͓ʂȃXLgɂ邱Ƃ͓A܂ꌩ؁X悤Ɍ铊̎dA͂ƂĂnȂ̂ƂꂽƂ͂ƂĂoɂȂB,ʂł͒XoȂNƉƂ̐lƘb@߂߂ᑝ̂łƂĂオBNƉƂ̌͂߂߂nB ƉЂł͂ȂP̍Ƃ̌JԂł͂Ȃ̂ŁAlXȂƂm邱ƂłB,35,2017/5/20 5:15,2017/5/20 5:15,1
37,GWjA,1Nȏ2N,T3`4,1200~`1399~,10,10,10,10,10,10,10,vO~Ou̕ɋ郁^[ƂĊĂ܂B50% vO~Ǒ́AR[XɂĈقȂ܂RubyC#Ă܂B^[ƖsȂẢ^cE{i߂A20% gDŜ̉^c@ɂčl{sĂ܂B30%,ЈƓx̍ٗʂ^Ă܂Bs{ɂāALFBĂ炢Ȃ傫ȍٗʂȂ瓭Ƃł܂B,y}l[Wg\́ER~jP[V\́zKgɂ邱Ƃł܂B ӌɊÂ͕@A͂ɊÂĂ̎dAgD̉^c@ȂǁAЉŕKɗ\͂mHIɐgɂ邱Ƃł܂B,^[ƂĊOɁAu̕ɋ郌x̒m悤ɌCvO܂BCł́AΉER~jP[V̂Ƃ̑ɂA100ʂȏoăeXgătB[hobN󂯂܂B,C^[͐100lȏア܂AFǂaCƓĂ܂BЈƃC^[̋߂̂ŁAk₷łB,҂ĂƂƁAƂ̃Mbv͑S܂BC^[ɒm荇̂ŁAǂ̂悤ȋƖ邩͒mĂ܂B,C^[̎̂ŁAɂȂR~jeBɎQłB܂AvO~O̒m0gɂ邱ƂłA₪łĂ܂BC^[ƂĂł͂ȂAЂ̃o[ƂĊł̂łƎĈӌčs΁AKɌʂԂĂ܂B,36,2017/5/20 5:15,2017/5/20 5:15,2
38,f[^TCGeBXg,6`11,T3`4,1000~`1099~,10,8,10,10,8,10,8,EƖeF@BwKpVXeJfW^f[^͂ɂ郌|[eBOȂǂ̈ČɃATCAR܂PythonŃf[^͂sB EF80%=vO~OA10%=^XNA10%=ł킹Q,̓w͂Vtg̓ōٗʂ̑傫ςB͋Zp𖁂ΎЈƓx̎dł邵AЂւ̏풓Ɩs1lňČC悤ȐlB̓vO~OS҂œЂAVtg܂ő͓ĂȂ߁AЈ̎`ʂă^XNĂ̂tȑʂ傫B,EvO~OXLFRPythonESQL͂AshellhtmljavascriptȂǁAFXȌɐGBT[o[TCh̋ZpzB E@BwK(vw)̃XLFŕ׋邱Ƃł厖ł̂́A̐Ȃ̐lɃfO̘bĂ̂ŁARƏڂȂB,ECFvO~ǑCBƂ͕ʂɁAVЈCsĂ̂ŁAɂɍċCɂȂ錤CłƂłB E^[FATCꂽČ̐lSɂłkł悤ȊBȎЈ̕肪󂢂^C~OɐĂ̂ŁA݂ȂɈĂĂĂ悤ȃC[WB,ItBXɂ͓y֎~̍LJ[ybg][AFXȑ̐ōƂłBW̓CzgčƂ邱Ƃł̂ŁAƂɂRɓB,EҁFsłf[^TCGeBXgƂărWlXƂărbOf[^Ă݂I܂ɊB EMbvFČƂɎgꂪ肷̂ŁAS҂n߂ƃCvbgʂcB,EƂƂ͂ǂƂȂ̂׋łBɁAGWjAƂāulƂĐHĂlށvƂ͂ǂlłǂȓw͂Ă̂wׂB E݃oY[hƂ@BwKAǂărWlXɂȂĂ̂𔧂ŊB EČ̃[_[łPM(vWFNg}l[W[)猩ĂǂȐlƈꏏɓ̂AǂȐlɎdU肽Ȃ̂AƂ_̘b񕷂@AuVЈɂȂɂǂɐU镑΂̂vɂĂ悭l邱ƂłBЈƃ^XN̊荇钆ŁAƂ̉lǂĂwׂB,37,2017/5/20 5:15,2017/5/20 5:15,3
39,RecҏWAJX^}[T|[g,1Nȏ2N,T1`2,800~,10,8,10,10,10,10,10,"ЃT[rXAKitchHikẽfBARec̕ҏWAPR,̘dACxgɎQǍkMȂǁB ܂AT[rXp҂̃T|[g RecҏW60 T|[g20 ̑ev20",yX^bt̃AhoCXtB[hobNAŵƋƖɓĂB Ȃ̂ŁAڎwɖ͂ȂB 0炷ׂČ߂Ă킯ł͂ȂA Ȃ̈ӌ߂邵A̐ċƖɌΌقǎg̐ɌqB,"web}KWҏW-word press摜̊{IȕҏWAȖł͂ȂAlɓǂ܂邽߂̋L̃qg 20lO̐H1,5hȓōグíA R~jP[V\(ΖʁA)",т͊{A݂ȂŐH͂ŐĤׂŁAƂ͈Ⴄ`[ɏĂlƂǂȂ邵A`[̘gzĂЂƂ̃T[rXグĂ銴oɎƂłB C^[ꂼɍdÛŁAlƔr肷肩́A݂̋L΂ƂɏWłB ܂AtH[肵Ă̂ŁAƖ㍢ƂĂSuȂkłB,ItBX͋̕C͖邭A݂ȑOŃnO[B lľ肵Ă邪AΗ邱Ƃ͖B {ɒB ₷B AAoCgAC^[AwƁAvCx[g̗\,ƂƁAC^[ƂĊւ͂ȂAlƃT[rXDŊւĂB C΂ꂪC^[ɂȂĂBЂ狏Sn悭āAhIŁAyB,iwł͉ȂlƉ HÂ̂̃NIeB[܂ I/̓KɍƖłAXL𖁂 C^[IĂq肽Ǝv邵Aq邱Ƃ̂łlAT[rXAЂł邱,38,2017/5/20 5:59,2017/5/20 5:59,4
40,,1Nȏ2N,T3`4,900~`999~,10,5,4,8,4,5,3,EƖe:IEhfBẢ^cBLLe[}̍쐬Aseo΍AYǗAGWjAfBNVASʁB Le[}쐬E50%AЃfBÃT[`E10%A쐬E10%AGWjAEfUCi[R~jP[VE10%ȂB,{IɃC^[̒ł̓[_[̃|WVCĂAɊւ邱ƈȊO͈ꉞ߂Ă悩BiƂ͂Ј̌ρEmF͍sjGWjAƂ̃R~jP[V͊SɔCĂBꎞ͋LY̐̊Ǘ̃C^[ƂƂɍsȂĂB,EfBAƂrWlXf:^c@AxAAhlbg[N̎dg݁A헪B EWJVLOEЈƃ~[eBOŃfBXJbVȂ헪ɂċc_ł̂ŖB EPcXL:XvbhV[g̃XL1ԁBƂ͎RɃ^CsO⃊T[`XLB,󂯓̐܂萮ĂȂB܂Ј񂽂̋ƖŎtȂ̂ŏɎЈɏĂ炦Ƃ킯ł͂ȂA{̓C^[́BȂ̂ŁALтl͐Lт邪ł͂ȂlۂB,ItBX͊Ĉx`[ƂB̓IɎcƂĂЈ񂪑Ƃ͋CB ǂłƎvC^[͏g܂B,:rWlXitƂɂėłB Mbv:itƈɌĂX[rWlXlXƊB,wʂoׂ݂ƂĈĂ邱Ƃł邱Ƃɑ΂ăVrAɂȂB܂񊴓xȂBDGȎЈ񂪃LA܂߂đkɏĂꂽAAhoCX,39,2017/5/20 5:59,2017/5/20 5:59,1
41,L,3`5,T1`2,iʔȂj,10,5,10,10,8,10,10,SƊCOSA͍SĂBCO͓AWA̓r㍑ɔN`PNԂقǂ̊ԓnqAŉfƂƋ킹ANVNƂ́BɂĂ͌n̊Ƃ⋳ȂƃR{ĎƂi߂ĂƂB́ÅCOŃC^[Ăẘ{ĐEɔMĂBނ炩LW߂Ar㍑̃C[W|WeBuɕςLA~[eBOł͋c^SEFu}[PeBǑʕ񍐂ĂB(30)Facebookł͖WɋL⊈CxgmANEht@fBỎ^cȂǂ𔭐Mi70jB,S̍ٗʂ́ACOSЈ̍ٗ̕ʂɔׂď̂łAFacebook̖̔M͎ɂׂĔCĂBCxg쐬ANEht@fBǑ́AЈ̕ƈꏏɋ͂ĂB,ECxg쐬FCxgۂɕKvȂƂwׂBlW߂Ƃ납Aꏊ̂ƂAEFuł̊gU̎dAȂǁB Ef[^܂Ƃ߁FEFu}[PeBÕf[^BGNZ⃏[hȑOg悤ɂȂB Eǂl̐S𓮂̂A𐶂ݏo邩Aǂꂾ̒ĉ̂Ă銈L߂邩Aǂ̂悤ȕ@xXgȂ̂A̓ōl@ɂӂĂB̓NEht@fBO𐬌łꂩ^c܂킵ĂłAȂ厖ȃXLɂȂĂB,Ј̕ƈꏏɎdłBȃItBXŃAbgz[ȕ͋CȂ̂ŁAȂƂ΂łɁACOɂlƂSkypeŃ~[eBOƏ_B^[͂ȂAyJɈpłApT|[gĂꂽBЈ̕ƂтɍsāAꂩ̉^cbAɂĘbA΂ɘbfGȎЈ񂵂ȂB͌C͂ȂACOS͐̌CBȂZB,ċSn悢ItBXBAbgz[BԂ͂x܂Ă邪ÂƃItBXŎ̂肽ƂcdĂ悢B,ҁF͊COS]Aẘ֌W荑SɂȂBe-Education̗OɋłāAƊւĂ݂ƎvĂĉ̂ŁA{ɂ킭킭ĂBۃC^[ƂēĂ`Ă炢AȂ莩̗͕sBЈ̕AOGOB̕AƂ̂Ȃ肪ƂĂ傫āAd̂肩ł͂ȂANPOdɂĂADȂƂdɂĂw񂾁B,Ƃɂe-Educatioño[̓AcBĂāAۑӎāA̎ŉ悤ƂĂBЈ̕AȂ̑Ƃ]EĂAЂƂ̑gDǂĂAGlM[ǂoĂAe-EducationȂɎЉǂ悭ł邩AlB邱Ƃ͖B,40,2017/5/20 5:59,2017/5/20 5:59,2
42,Marketing,1`2,T5ȏ,1200~`1399~,5,10,10,10,8,10,10,Ɩe: ݃rWlXɂۑɉvWFNg^AŏIɎВ܂߃}lWg`[Ƀv[܂B ~[eBO40% 30% v[Â20% v[10%,,,,,,,41,2017/5/20 5:59,2017/5/20 5:59,3
43,T[`,6`11,T1`2,1000~`1099~,10,8,5,8,8,8,8,EƖeFA[L^CvЂ́AʐMƂRTeBOƖ𐿂ĂAɈx̃~[eBOɂĐE̍ŐVITƊE̓v[ĂBC^[͂Ŏg鎑쐬Bݒ肳e[}(ႦECA^]Ȃ)ɉăT[`Ap[|Cgɂ܂Ƃ߂BEF쐬90%ȂG(qlΉȂ)10%,,,,,,,42,2017/5/20 5:59,2017/5/20 5:59,4
44,A^cAOAL,6`11,T1,iʔȂj,10,5,8,8,10,8,8,CxgɌ̃CxgA^cBɌāALiW̌ĂтBƂ̋^ABXBJICA֌W҂Ƃ̑ł킹B,uwC^[vƂʒuÂŁẢfՂ̃Cxg͎ɊŵœƂł߁Aٗʌ͔ɑ傫BA̓IɓƂ߂AȂƂ͐ϋɓIɕƂŁAǂ@⓹؂񎦂ĂꂽB,Љlw̋AlXȑlƊւ钆ł̃R~jP[VXLB fՂƂƂŁAvŉf쐬̃[NVbvsAf쐬AҏW̃XLwׂB L헪ACxg^cÃ}lWgXǍIɌ邱ƂB, C^[ɂȂ΁Aɑ\̕ƘA𖧂Ɏ荇Advȑł킹ȂǂɂȂBAC^[̂Ƃ悭Ăłグ̎ȂǂɗlqĂB,R[LOXy[Xł̊CȂ̂ŁAӖʂ悭Rȕ͋CBւAꂼɍ킹Ă̂ŗZʂB,Eɂ鍑ۖAȃ΋ɂɂ푈╴ɑ΂Ăɋ֐ŜlXƊւAg̎LȂ[߂ĂƎvC^[邱ƂɂBہȂlƊւ钆ŁAVȌq肪܂AC^[OŏЉĂw̎ƂɎQ邱ƂłƂȂǂ͔ɑ傫B,iw̃T[NȂǂł́AlƊւ邱ƂȂAC^[͊wƂlɈ͂܂ꂽɐguƂŁAЉɏoO̐S\̂悤Ȃ̂ƍlĂB C^[邱Ƃ́Ag͈̊͂LAlƂ̌q邱ƂAŵɂłȂMdȑ̌̈łƎvB,43,2017/5/20 5:59,2017/5/20 5:59,1
45,JX^}[T[rX,6`11,T3`4,1000~`1099~,8,8,8,8,10,8,9,EƖeFƁEƊEIɕ͂łc[SPEEDÃJX^}[T|[g`[ŁAql̓dbE[ΉGNZf[^쐬AT[`Ɩɏ]B EƖ̊Flɂ,Ј̕Ɠx̍ٗʌ^BǂꂾC邩͎ŁA̓w͂łł邱Ƃ΁A̕d󂯂邱ƂłB,EGNZXLFŏ3TԂقǂ̃g[jOvOA{IȊ֐ւ̏KnxオB EdbΉF{IȌhΉ@wԂƂłB헪RTEsoJ[̎ɑΉ邽߁AbB EEvmFuKAۑ}^ꂽAƖ𐋍s钆ŎŊoƁA̎pŐ[mgɂ邱ƂłB,JX^}[T|[g`[̓C^[߁A̐ĂB3TԂ̃g[jOvÔ̂́A{IɂOJTƂȂB,ȂI[vȕ͋Cœ₷ƎvBЈC^[eAƂ̌𗬂B,O̖ʐڂAۂɓĂC^[̘be͑złĂ̂ŁAMbv͂ȂB̃`x[VŊwт̑傫ςĂƂƂ͓ɒuĂׂ,SPEEDAɏڂȂ邱Ƃ͂AvmAGNZXLAЈwԑgD}lWg͂ȂǁAȂwԂƂƎvBC^[DGŌS̍l̂ŁA悢Ȃ肪łƊB,29,2017/5/20 8:03,2017/5/20 8:03,2
46,L,6`11,T3`4,iʔxj,8,5,8,10,8,10,8,EƖe:ij[X^[j̍쐬ȎdBEFȕ݂̂ɂNCbNLA傫ȋL{肪AނҏW܂ōsB܂X̋ƖƂĖ{炭j[X̉p󂪂BɁACXgӂ̂ŃLy[̃CXgAJ[h쐬B E:ҏW 40%AZ20%Aj[X̉p30%A5%ACXgELy[J[h쐬5%,NULL,EҏWXL:ǂ̂悤ɏΑɓ`̂AiwԂƂłBEp̋Lv񂷂\:X̃j[X̉p̑ɂANCbNLۂɂp̋Lǂ񂾁B̂߁AC^[O͂邩ɉpL̗v_𗝉ł悤ɂȂB,EEꎩ̂͋̕C͔ɂ悭A̐Eɂb₷BAۂɊւ͎̂̏iقƂǁBECȂǂ͂܂ȂAĂɊoBEAlXeBƂẴX^XEKChC͈ԍŏɂƋĂB,NULL,NULL,ANGONPOœĂ݂lɂ͂ƂĂIXXBȃx`[NPOł͂ȂAjNGO炱̃bgEfbg悭킩BŏIɂANGONPOɂւĂ݂ĈႢmƎ̃LAɑ傫ƎvB,44,2017/5/20 9:04,2017/5/20 9:04,3
47,}[PeBO,6`11,T5ȏ,800~,5,4,10,8,10,8,6,ƖeFЂsȂĂ邨qlw̃Cxg̊E^cBCxg̃AP[gWvƃf[^́BBtoB̈ČSʁikȂǂ܂ށjBuC_p̃J^OMtg̊ǗE^cB݌ɂ̈ړ׏BVKz[y[W̗グBǐiEB̑X̂qlΉ_{[̂Ȃǂ̍ƂB FCxgE^cF30%@BtoBF30%@J^OMtgF15%@iƁF15%@݌ɊǗF10% @̑̃^XN,NULL,E}lWǵFCxg̉^ĉŁAɔqgEmEJl̉^p@łAvWFNg̒B̂߂ɉׂmɕ͂ł悤ɂȂB EÓFqlɒړ͂d̂ŁA΂Ƀ~XȂ悤ɓÔƂłiɊmFĂĂ[̂`Ń^XNi߂B ÉFiɑ΂ĂÄӌ͂Ɠ`悤ɂȂB E}lWǵFdɓM邱Ƃ̂łA̒łdɑ΂Aɗ邱ƂȂ̓̃X^C邱ƂłB,}[PeBO`[܂ߊ{Ql̐Ȃ̂ŁȀi̐yɂ͖{ɂ悭ʓ|ĂāAɊւĂkɂ̂Ă炤Ƃł܂Bق̎ЈƂC^[Ƃǂ͊ɁA炢ΒNƂłւ邱Ƃł܂BAБŜł݂ƃC^[̌Cx͂قǐĂȂ̂ŁAVЈ␏ĂЈ̌̕CɁAēꂳĂ炢@ȂłBA̓}l^CYɂĕ׋̂ŁA}[PeBO`[̏i̕ɂ肢ĉ񂩌CĂ܂B,NULL,NULL,r㍑ŃrWlXsƂƂɂĐ[l܂B܂AJ̕ŎdɂƂẮAlXȃv[[钆łǂ̂悤ȎdɏA[l邫ɂȂ܂BȂɂ{ɎЈ̂̃obNOEh܂܂ŁA݂Ȃ܂̌o𕷂őώhɂȂ܂B Aɂ24܂邱Ƃ悤ȃC^[Ȃ̂ŁAȋCŎn߂ƏςČ邩܂B,45,2017/5/20 9:04,2017/5/20 9:04,4
48,}[PeBO,6`11,T3`4,900~`999~,8,10,10,8,8,10,8,낢ȃ}[PeBOvWFNgɎQĂAhCc{ЂւƖłB80%vWFNgɊ֌W鏑ލ쐬ł킹ȂǂBhCc{Ђ̕XƂ郏[NVbv܂B20%̓T|[^[`|ƖA̋Ɩł܂B,NULL,vWFNg}lWgXL: ۃvWFNg̈ꕔo[ɂȂAƖǗtH[XLтB R~jP[VXL: pƓ{ꗼgȂƖł,C^[͈l̃T|[^[tB{IȉЂ̗jAƖ̌CApc̎g܂łB,NULL,NULL,C^[ЈɋƖłBhCc{ЂƊւ`XBpA{BɎԋƊÊƂm邱Ƃł,46,2017/5/20 9:04,2017/5/20 9:04,1
49,rWlXS,6`11,T3`4,1000~`1099~,10,8,10,8,5,8,8,[Ɩe()] El̗pƖ(50%) EQ[^p(20%) EfBA^c(30%) ECxg^c(CM[),NULL,ErWlXXLS ErWlXɑ΂ẴX^X EPDCẢ񂵕 EcƗ ECxg^cmEnE EГO킸ޗ Ȃ,TCo[G[WFgƂЂITƂ̒łZEƂɃC^[ɂ̂͂ĂƂƌlIɂ͎vB ɕɂĂ̓C^[ƂǋƖ̂قڑSĂC邱ƂiqЂjAłłdĂ邱Ƃ\Bd̕V͎dłB Ƃ͂A㒷̃tH[̂ŁAtB[hobNȂႦAЉlƓڐŃrWlXɎgނƂ\łBi܂Ŏ̎̌Ɉ˂j,NULL,NULL,ITƊE̓FȂAƂɂA̓ōlAXs[hĎg܂ȂƂɎɒučsłB ܂AAۂɎЉlƂƂɓāA̖͂△\vm炳ꂽB um̒mvƂ\NeX̌t邪AЉlɂȂOɎɉłȂAmꂽ̂̓C^[Ă݂ĈԂ̃bgƎvB,47,2017/5/20 9:04,2017/5/20 9:04,2
50,^c,3`5,T1`2,800~,5,2,5,8,8,8,3,͒ʏƖƂċHXCxg̉^csB ăV[YŏI̋Cxg̊^cɌg邱ƂłB,NULL,EX|[crWlX̒m `[̏Ǝv̗߂_ő̋ƊEƂ͈Ⴄ Eޗ ǂ瓮ȂΎ͓ĂȂ,炷悤ȕ͂Ȃ瓮ĐȂƂX^XB A{nO[v͑ƂȂ̂ł݂W}B,NULL,NULL,O݂͂ȂX|[crWlX̌𔧂ŌołB vWFNg}lWgołƁB,48,2017/5/20 9:04,2017/5/20 9:04,3
51,,1`2,T5ȏ,iʔxj,8,8,8,8,8,8,9, IotZLeBɊւ钲vO~OɊւ钲ȂB ԓ̎dł̃S[͕vXɂĎCOx܂ŒAAEgvbgƂāA񍐏ɂ܂Ƃ߁A㕔Ƀv[邱ƁB܂񍐏ɊւẮAVKɂ킩₷PłȂtH[}bg쐬AĂ邱ƁB E 80%= 5%=c/c^쐬 15%=iMTG,NULL,Eώ@́F ̕Ŝ̒łǂʒuȂ̂Aǂ̂悤ȐlwɂǍʂƂĂǂ͋CɂȂĂ̂Aꂼ̎Ј񂪂ǂi/Ȃ̂AȂǃ}N~N֌qȂ痝͂gɂ܂B Eϋɐ/ė́F {IɑSĂ̎ɑ΂āAuȂ͂ǂvĂ̂HvuN͂ǂƎvĂ̂Hv܂B̎قĂƁAgȂFAǂǂGp~Ă܂B܂tɂ̎ił͂ȂĂ̂Łj̈ӌƓ`ƕ]܂BX̋ƖhƁhƂ݂ȂĉlȂłȂlƁhāhƍlĎ̓IɍlĂlł́AAEgvbg̎SRႢ܂B ET[xCXLF T[xC͎ԂΒNłł܂Bׁ̈Aǂΐԓɏw[悤ȏMECEɎĂ邩Ã̕XL͐gɂ܂B,11ŐyɃ^[`ŋĂ炦B {IɊSȂl`̉ЂȂ̂ŁAБŜƂĂ̋̐Ɋ҂l͌ĂȂBiC^[̏ꍇ́jCȂB̏ꍇ͏î̕ŁAɋCBׁ̈AXK񍐂ƌőΖʂŘbԂĂB܂̃C^[⎩̋̂镔Ƃ̃R^NgϋɓIɎĂꂽ̂ŁAwтƂlɑ΂Ă͋͂ĂЂB,NULL,NULL,ł傫bg͉Ђ͋̕Cm邱ƁB傫ЂłقǁAБŜ͋̕C͂A͋̕CꂼقȂĂB ̃bǵAۂ̋Ɩ̌ł邱ƁB ẅԂ̎_͉ЂO炵邱ƂłǍʂƂĕ΂〈łĂȂƁBׁ̈AۂɂǂȋƖXsA̒ł͂ǂ\͂߂Ă̂𗝉Ăl͏ȂBC^[ɂẮAiS郁^[ɂˑ邪j{Iɂ͎ÛŁAtB[hobNƍsB̍ۂɁAɉĂȂ̂Fł̂ŁAC^[IA{IlAЂ̑IlɐƂłB,49,2017/5/20 9:04,2017/5/20 9:04,4
52,GWjA,1Nȏ2N,T3`4,,10,8,8,10,8,8,8,ƖeF T[rXłhttps://trunk.fm/̊J ЃIEhfBAłhttp://room.trunk.fm/̊J CTOKPIȂǂ߁A`[ŜŐǂ܂B Bł悤issueŗĂāAŎ܂ōs܂B ̑2̑SMTG F https://trunk.fm/̊J = 90% http://room.trunk.fm/̊J = 10% room.trunk.fmɊւĂ͎Ƃ͎CTÔӂōsĂ܂B,NULL,EXLFʔ@lJbNCTÔƂŋZp𖁂܂Bprɑ΂fbImłB E`[J́F`[ŊJA`[ŖڕWL܂BR~jP[V\͂gɂ܂B EĺFT[rXO[X̂ɕKvȎvlgɂ܂B悤ȃAoCgł͂ȂAӔCčs邱Ƃ؂łB,CȂǂ͂ȂB AT[rX̂T[rX̂ߎЈ͋邱ƂDB C^[GWjA2lƃfUCi[2lłĂB yЈz GWjAFʔ@lJbN fUCi[Ft[ ȏ̂ӂ̂ƂŋȂdłB,NULL,NULL,X^[gAbv𑶕ɖ킦B x`[ł͂ȂX^[gAbvȂ̂ŁAɂRB ̓C^[lŁAЈł낤ƃC^[ł낤Ɣ͕ςȂœƂłB,50,2017/5/20 9:04,2017/5/20 9:04,1
53,}[PeBO,6`11,T3`4,1000~`1099~,10,10,8,5,4,8,7,EƖe: BtoBABtoC킸ЃT[rX̔Fmxォ珤kUɎ܂ł̃}[PeBO{悵AsBŏ̓EFu}[PeBOAlXȍL^psƂłB E: L^p30%AO[v[N~[eBO20%Ae{̊l50%,NULL,EEFu}[PeBO̊bm: ŏɃEFu}[PeBO̒m̃Cvbg܂Ƃ߂čsAۂɉ^p邱Ƃł̂ŁALPO⃊XeBOLAfacebookLAtwitterL͉^pł悤ɂȂB,{IɕC`A͂łs邵A̓sxJɋĂBɈxAʒkݒuĂAeC^[̖xwillȂ葸dĂB ܂AɃVtgɊւĂ͗ZʂB,NULL,NULL,}[P̃C^[͔rIDGłAwĂAcA}g6l̍\߂ĂB܂ORAփx`[̓FĂ̂ŁADGȊwɂ͏oƎvB ܂AЈƒǂȂ΃vCx[gŃ`ɗUĂ݂ɘAĂĂ炦肷B,51,2017/5/20 9:04,2017/5/20 9:04,2
54,L쐬,6`11,T1`2,1400~ȏ,10,10,5,8,8,8,7,Г쐬C^[sL̍쐬50%ŃC^r[50%̊ ԓĂlɂȂƂƎЈɋ߂dɂȂ,NULL,ЉlƂ̉b̃XL C^r[ʂĎЉl̂ƘbƂɊꂽ ͗ L쐬邽߂ɕ͂Y킵Ă炦邽ߌサ,C^[ɑ΂Ă͎ҋĂ Aɑ΂鑊kȂǂɂĂ CȂǂ͓ɂȂ,NULL,NULL,͓IȎЈDGȕXƒm荇@ƂȂƂĂLv lXȎЉl̂ƘbłĊy,52,2017/5/20 9:04,2017/5/20 9:04,3
55,RecNGC^[,6`11,T3`4,1000~`1099~,10,5,10,10,8,10,8,EƖe {ƖFALMyѓ҂ւ̃C^r[ ʋƖF`[}lWgAevWFNgČ̎s E o[FALM70% TE~[eBO15% XLAbvC15%,NULL,EqAOXL C^r[̒ŁA̘b𕷂Ȃ牼ݍ\z؂񐮗 𑊎肩o ECeBOXL WJCeBOXL𖁂C󂯁Aꂽ̒Ő͂̂镶͂͂{Ƃł EHǗ\ ŉۂĂm}AΖ\ȎԂ̒ŒB邽߂Ɍ߂čsƂ߂ sł̊bIȗ͂{,ESЂƂăC^[󂯓鐧xĂ EWJCeBOCłȂWJVLǑCnߗlXȎނ̌C ECȊOɃC^[̃J`[ƂďɊwł悤ɎЈ̕egɂȂĂ Ẽ^C~Oł́Ay䌤C𐔎Ԏ󂯂ƂɃ`[֔zBz̓`[̃[_[ꂼ̃o[̖ʓ|BP`[4~5Əl̂߃[_[Ƃ̃R~jP[V₷B,NULL,NULL,EꗬƁigbvAȂNmOEnjXsAEgꂽnCxȎЈ̂̕΂œƂłAꗬ̎d邱ƂłB ẼLAς̎܂BC^[͑ЂOnRTEOⓙ̃gbvNX̊Ƃւ̓lĂwAKRIɈӎ܂B ERlNVLBcn߂Ƃw唼ŃC^[ƌq肪Aǂ̏ʂł̃RlNVƊB EATĂwɂƂĂ͏W̊iD̏BeƂւ̓҂ɃC^r[sƂł邱ƂAꗬƂւ̓҂̐yIlʑIl[g݂̑Ȃǂ̏l邱ƂłAAEi߂ĂłȏȂ񂪎ɓB,53,2017/5/20 9:05,2017/5/20 9:05,4
56,}[PeBO헪,1Nȏ2N,T3`4,1400~ȏ,10,10,10,10,10,10,10,҂Ώۂɂړ̂߂̎xT[rXBT[rXǂ̂悤ɗlXȒnɍLčsƂcƐ헪=100%,NULL,1100܂ŔCꂽdSĎłȂȂ΂Ȃ̂ŁAwl悤Ȏd̃XL͈ʂgɂB,{IɏЉlȂ߁AőȎȂƃC^[ƂĎ󂯓ȂBɏlȂ߁AtB[hobN͎B,NULL,NULL,ЉlɂȂOɂxӔCdC鎖ɂAdƂ͉邩m鎖łBɐӔCdߎЉlɂȂOɊb̊b͊wׂB,54,2017/5/20 10:58,2017/5/20 10:58,1
57,ҏW,1,T3`4,1000~`1099~,10,8,8,8,8,8,8,yƖez Eup{vւ̖|i50%) EᕶEf[^̎MEZ (50%) eȒ̔\E@ւ̘_ArIՓx̍|SiRAaɌJĂP[XjB|ƖɉAᕶEf[^̎MEZPCXLƖSB,NULL,"EPCXLᕶEf[^̎MEZƖʂĕLPCXLKBC^[ԂΒقǁAƖ̕LXɃXLAbv`XƎvB E^CsOXLoЎɁA^CsOeXgLBiƎ200~Abv(1,000~1,200~jB","y̐z EITSʂɊւ鋳ȏzzBIɁA^[ɂ鏬eXgLB EВɂfBXJbV`̕׋JÁB y̑z EsUp[eB[EeAC^[łȂpɂɐЈƊւ@݂ĂBЈAɕʂǂBy̐z EITSʂɊւ鋳ȏzzBIɁA^[ɂ鏬eXgLB EВɂfBXJbV`̕׋JÁB y̑z EsUp[eB[EeAC^[łȂpɂɐЈƊւ@݂ĂBЈAɕʂǂB	",NULL,NULL,Ep~ITɊւ炸Adɑ΂gݕE̐lXȑ̌łB EuDGȃC^[W܂ĂAhIȊLBuo̏vƂĂpł̂ł͂ȂB,22,2017/5/20 10:58,2017/5/20 10:58,2
58,cƁA}[PeBOART,1Nȏ2N,T3`4,1000~`1099~,8,5,8,8,5,8,8,ƖeƂāAT\Av̉^cBc50%RT30%}[PeBO10%̑10%,NULL,"EcƂŎЉlɂȂ邽߂̊bwׂAXPW[Ô E}[PeBOHTML,}[Pbg ERT́AŐ헪𗧂Ăčsł͂gɂB",Ј񂪔ɗDGȂЂƂŁAFXȂƂĂ炦BC^[ƂڂĂBR~bgAЈԂĂB,NULL,NULL,ӎ̍lƐڂ邱ƂŁÄӎ߂BȃXLgɂƎvBuKȂǂJĂB`[[N厖Ȃ̂ŁA݂ȒǂB,55,2017/5/20 10:58,2017/5/20 10:58,3
59,utEAE,1Nȏ2N,T1`2,1100~`1199~,8,8,8,8,8,8,7,utiƁj30 iCxg̊^cj60 itj10 lɂĊ͑傫قȂ܂B,NULL,Elɕ₷`ZpFƂ{ǋ{ƂĂ̂ŁA̍ڂ𐶓kɁuȂvƖ₢A[ėĂ炢Ȃi߂jłB̂߁A╶@ڈut{痝ĂKvA܂𐶓kɕ₷A܂oȂ痝i߂ĂKvB Eグ́F͖̒ɑ΂ЉlĂ̍ů^cƖɊւĂ߁ÂƂɊւċLڂ܂B ܂AOɁÅ悪KvȗRAkɂǂ̂悤ȕω񋟂̂ЈƋɍl܂B킯ł͂Ȃ̂ŁA烊T[`čグ܂B̌AۂɊɗƂ݂܂BɗƂޒiKŁAk̊wKʂőɂ邽߂ɂǂ΂悢l̐ݒiO[v[NȂǁjut̑I܂BāAk̏Wq܂BWqiKłAkɗĂ炤߂ɁAӋ`ʔiASC̍utoRœ`Ă炤ȂǁAlXȕ@l܂B uグ́vƔRƏ܂וƈȏ̂悤ɂȂ܂B,EĆAutƂĂ̋ZpňC̑ɁAdł̑؂ȍlɊւ錤CAЂ̊jZp̌CȂǗlXɂ܂B EeɈlȏЈ邽߁A{Iɂ͂̎ЈƑkȂi߂ĂƂɂȂ܂ EOɈxAЈƃC^[Ŝ̋LƌC̉܂B ̍ۂ̌C̓e͎ɂĈقȂ܂A[vȂǂkւ̐ڂȂǂłB EOɈAЈƖڕWƂɑ΂tB[hobN̖ʒk܂B,NULL,NULL,E̓Iɍl͂gɕt邱Ƃł邱 Ђ͋@^ĂȂ̂ŁAǂ̂悤Ɋ͎̂B΁AlXȊɐ[ւ点Ă炦邵Aœo͑傫BiCxg̉^cZɉ^cAm̃v[VȂǁj,23,2017/5/20 10:58,2017/5/20 10:58,4
60,ΐEicƂȂǁj,1Nȏ2N,T1`2,1100~`1199~,8,10,10,10,10,8,8,E80F̂⑼ĉ̊wKx̒ƁAmEnE̒ E20F̑AS̉cւ̏oȂ⌤CȂǂ̋Ɩ,NULL,EwKxqǂ̕nɊւ郊Aȏ ڂ̑O̎qǂAwKxɊւ鎩̂ĉ̕Ƙb@ʂāAfBAŘbɂȂĂwKxqǂ̕nɊւ郊Aȏ邱Ƃł Eulvグ ̂⑼ĉ̊wKxɊւămEnEWJۂɁAɂƂẮulvƂ͉lA`ɂĐKvB̂ł͂Ȃ߁A܂Ƃ߂̂ɎԂv邵AY܂B̂Ȃ̂ĂɁAulv`Ao͂ɏG邱Ƃł_B,EɈAEŜ̋LtB[hobN ENɈxAĉƂ̋Â̌CvOɎQ\ EɎЈƑkȂƖi߂ĂAsxtB[hobNB,NULL,NULL,EwKxqǂ̕nɊւ錻ƁAɂǂ̂悤Ɋւ̂lǂ@ƂȂ邱 EûȂ́vɊւāulv߁A͂[ł悤Ɍ`ɂĂƂɐG邱Ƃł邱,56,2017/5/20 10:59,2017/5/20 10:59,1
61,RT^g,6`11,T3`4,1000~`1099~,10,8,10,10,10,10,10,"Ɩe:ƁEƊEf[^̃vbgtH[łSPEEDAƂT[rX̃RTeBOT[rXBՓx̍f[^쐬60%, SPEEDAɌfڂĂȂƊẼT[`20%, ~[eBOƖP10%, ̑10%",NULL,ExȍɊւXL EExcelNGf[^쐬XL E؃XL EzXs^eB EӔC EZt}lWg ErWlXR~jP[Vi[Adbj,ЈƂقړٗʌŁAC^[ƂĂł͂Ȃ`[ɕKvȐ͂1lƂĈB ʓ|͔ɂ悭AC^[̐̂߂ɎԂ@ĂB f[^쐬ɕKvExcelXLɊւg[jOvOAȂŊORT݂̃XLgɂBГC͑SĎQ\łAe͍͂M&A̍ۂ̃oG[Vׂ̍@AɃx̍̂łB,NULL,NULL,SPEEDA̓[U[̌߂c[łÃRTeBOt@[AsAƓɎgpĂT[rXłB̓Ɩ⋁߂AEgvbg̃xAxȃXLiExcelAؓjgɂƂ͑傫ȃbgłB āAt@CiXɊւ[m𓾂邱Ƃł܂B āA͂DG݂̂邢lł̂ŁAЈC^[Ƃ̂Ȃ͂̂Ȃ̂ɂȂƎvĂ܂B,29,2017/5/20 10:59,2017/5/20 10:59,2
62,E,3`5,T3`4,iʔxj,10,4,8,8,10,5,7,CxgEf[^S̎Ƃ⓮쐬ACxgoȂɉĐN̎Q҂Ƃ̃R~j[P[V,NULL,pE{̗gȂCxgL񂪏o܂B܂Alȉlς̎dł̓Nɓ{Ƃ̎g݂m邱Ƃo܂B,^[11ŏɎd}l[WĖႢAď𐏎Ē܂Błł葫Ƃ苳Ă^Cṽ[NX^Cł͂ȂAڕWɌčœKȃAv[`͍^CvŐV̓ɕKvȂƂwׂ܂B,NULL,NULL,kogŐkЂoȂuwƂq邱Ƃo܂B܂AĐ{֌W҂ƃlbg[LO@R邱Ƃo܂B,57,2017/5/20 10:59,2017/5/20 10:59,3
63,web}[PeBO,1Nȏ2N,T5ȏ,1000~`1099~,10,10,10,10,4,10,10,webLȂǂpЃT[rX̏Wqyѕ͋Ɩ(40%) VT[rX̃}[PeBO{ċyю{(20%) f[^ȂǎG(5%) }[PeBOʂɂPē̂炩̒ē(35%),NULL,ʓIȖڕWݒƃR~bg(DGȖ̃tB[hobNʂ) f[^}CjOAf[^ p|AGNZA[h̎쐬\,P{̗ċyѐʔ\ŁADGȖtB[hobNB͒SЈ̕iǗĂBAIɓȂΎd͂ӂĂȂB,NULL,NULL,DGȖEƏoÃLA`ɔɖ𗧂B̗̌͂mɐƂďo邽߁AʂoƔɃ`x[VdȂB,58,2017/5/20 10:59,2017/5/20 10:59,4
64,c,3`5,T5ȏ,iʔȂj,8,6,10,8,6,10,6,ncƕ̐lɓsĉcƊBXgAʍslɔэ݉cƁB܂CxgɎQH̔ȂǂBY̔UOAnJoSOB,NULL,ṕBmȂꏊAlɔэޗ́BȔḾBٕł̉cƕ@BǂȊłłToCóB,̐͂قڂȂB瓮ȂƎd͂ȂBłT{邱ƂłĂ܂ЁA瓭ΉłłЁB,NULL,NULL,{lȂł̎d邱ƂŁAmȂƂ֔эޗECAȔM͂gɂBЂƂł͉łȂƂۂgɐ݂ĎłB,59,2017/5/20 10:59,2017/5/20 10:59,1
65,X^fBcA[Ǘ,3`5,T1`2,iʔȂj,10,10,10,10,8,8,9,"ƂƃX^fBcA[̏Ƃ`O[otFX^܂B p[Ze[W͏ォ 10,50,40%",NULL,}lWgXL p͘Ղ邿Ar㍑ł邿 \ ͂邿 gɕt܂B,ʓ|݂͔ɂ悭A_߂邾łȂ{Ă̂Őłɂ܂B ÑC^[قĂ̂ŁAłB,NULL,NULL,Npoǂ̂悤ɓAЉɍvĂ邩ƌƂ킩B̃C^[Ȃ̂Ŗ̔ZC^[𑗂邱ƂłƂ܂B,60,2017/5/20 11:27,2017/5/20 11:27,2
66,T[`,6`11,T3`4,1000~`1099~,10,10,10,8,10,8,9,ÕX^[gAbvITƂ̍ŐṼT[`CB 䗦́AT[`(80%)/~[eBOQ(10%)/Cxg(10%),NULL,쐬̃XLFЈƃR~jP[VƂăI[_[ƔcAߋ̎쐬QlɂAlXȃ\[Xɏ܂Ƃ߂Ă䂭BoςނƂŁAx悤ɂȂĂ䂭B,T[`̎d̂͌lƂŁA܎ЈtB[hobN`BVCȂł͂̑؂ȑΊO~[eBOɎQĂꂽAГŃC^[ƎЈɂrWlXACfÃRyAƂ邲ƂɂтɘAoĂAЈƃC^[̊֌W͔rIƎvB,NULL,NULL,ÕX^[gAbv̖G莖T[`邱ƂŁArWlXeNmW[̃gh𗝉łBm̃XgbŃAꂩ牽Ă䂭l鎞ɖɗBЈ͓{ITƊE鋐l΂ŁAꌾꌾЂ׋ɂȂBlIɂ́AƂVCƂdɔRƋÃC^[ʂāÂ}̂dłƂƂɁAo[VCƂēƂ̓n[hwԂƂłB,42,2017/5/20 11:27,2017/5/20 11:27,3
67,vi[,1`2,T3`4,1000~`1099~,10,8,8,8,6,8,7,PRЂ̎dS̓IɊwׂBNbsO55%() PR̃vjO 30% vX[X̍쐬15%,NULL,PRЂ̎ۂ̎deACxg̗̊ȂǂB̋̂AdɃC^[łg߂̂ŁAPRLɋ̂lɃIXX,yЈƖeĂA߂߂͂Bx`[ƂȂ̂ŁAC^[Ђɍv銄̉ЂƔׂĂB,NULL,NULL,PRЂ̖{̎d킩B܂Awł͖킦ȂЉlƂĂ̐ӔC̏d݂Ȃ̂ŵ͂oŐgɂB,61,2017/5/20 11:27,2017/5/20 11:27,4
68,Assistant Operation Analyst,3`5,T3`4,1400~ȏ,10,10,8,10,2,10,10,lRTƁB lf[^NCAgAЂƔră\[V񋟂srWlXX^CB C^[̋Ɩ f[^Ẅׂ̓dbE[c 30% 󂯎f[^̏ 40% ~[eBO 30%,NULL,#NAME?,܂萮ĂȂBÕC^[p̃~[eBO͂邪i̒ڂ̈p͂Ȃ኱B,NULL,NULL,AJnƂŗB̃AWAlƂă`[œo͂ȂȂǂoɂȂBp͂ȂLтB,62,2017/5/20 11:27,2017/5/20 11:27,1
69,}[PeBO,3`5,T1`2,1400~ȏ,10,10,10,10,8,10,8,yƖez NCAgł{HPPC`邽߂SNS}[PeBOSB yƖ̊z SNSAJEg^cF60% }[Pp̃Rec쐬F40%iA{bgȂǁj,NULL,y}[PeBOXLz ڍׂȃ[U[^[QeBO̕@CtGT[gpweb}[PȂSNSɗ܂炸fW^}[PeBOɊւbIȒmKB,mȎd܂ĂȂ߁A󂯓Ԑ͖B Â肽ƎvɎXĂyЈ̂ŁAK؂ȊĂł΁Ax̍ٗʌd邱ƂłB,NULL,NULL,EITeV[̔IȌɌqB fW^}[PeBO͂̂ƁAC^[ɎQĂ郁o[IT̂̂×~ȊwȂ̂ŁAgȂ炴𓾂ȂB ERlNVl̊g fW^}[PƊE⎖ƉЂ̃fW^}[PSɉ̂ŁA[b𕷂B,63,2017/5/20 11:27,2017/5/20 11:27,2
70,c,6`11,T3`4,1400~ȏ,8,8,10,8,8,2,10,VKX܂̊JcƂo܂BX܂ւ̔э݉cƂƃeA|ɂcƂs܂B{Iɏkɂ͍s܂BCł낢ȂƂɒł܂B,NULL,cƃXLAΐl֌Wz\͂𖁂Ǝv܂BmȂX܂ɔэ񂾂肷̂ŁAxƎv܂B,ʓ|͂ƂĂłB[vtB[hobNĂ܂BcƌôyĂ̂łƂĂ߂ɂȂ܂B,NULL,NULL,bǵAЉɏoOɉcƂoł_ƁA[fɂȂdłĂЉlƏoƂł_łB,64,2017/5/20 11:27,2017/5/20 11:27,3
71,}[PeBO,1Nȏ2N,T5ȏ,800~,6,8,10,10,10,10,10,EƖe: wwZ̉^cAVKƂ̗グ VKƂ͎ɃfBA̗グs܂ E: ^c50%AVK50%,NULL,EbdXL bPCXLA̎pȂǁAł̊Ղwт܂ EJXL vO~OIɕ׋܂ EfBẢ^pXL fBÃ}l[WgAIy[V̎dg݁ASEÕXL܂,,,,,65,2017/5/20 11:28,2017/5/20 11:28,4
72,rWlXS,6`11,T5ȏ,iʔȂj,4,6,8,19,19,19,9,yƖez iOFnw̏ɂgĂ̂ÂƂd񋟂邱ƂŁAɈ肵^悤ɂĂB܂Aōꂽi̓J{WÃVFAbvsȂǂŔ̔ĂBj EHISȂǂʂăJ{WAKĂlɏꏊЉcA[KCh Ei̔ĂX܂ł̔P Enw̏̐ڋqipE{ꋳ܂ށj yz EcA[KChSO EグPQO EڋqSO,NULL,ÉF^XNłPQOȏ߂邽߁A^XNՂA^炽ۑȏ̃AEgvbgoɂ͂ǂ΂lAł悤ɂȂ E_FJ{WA͎ł͕ς邱Ƃ̂łȂ̕ωidȂǁj߁A̕ωɓh邱ƂȂׂs悤ɂȂ,C^[̎󂯓ɂ͊ĂAȂ󂯓̐͐ĂBiETIC̈тŃC^[{Ă邩łƎvBjTPŏiAXɂ͑nƎ҂tB[hobN󂯂邱ƂłB,NULL,NULL,E{ł͂肦ȂƂp邽߁A{ŋN邱Ƃɂ͓Ȃ炢̓xB EK̎Ј̎dʂ߁A]TȂ邪A͂LLԂł邩炱̐lԐ߂邱ƂłB Er㍑œƂƂǂ̂悤ȂƂ]ƂȂołBwƌr㍑ł̏AElĂlɂ́Aŵɂ̃C^[o邱ƂŁALA̍lɍLƂłƎvB,66,2017/5/20 11:28,2017/5/20 11:28,1
73,rWlXS,1,T5ȏ,iʔxj,10,6,10,10,8,10,10,EƖeFX^[gAbvƂȂ̂ŗlXȋƖCꂽB̓Iɂ́AĐ\GlM[̒񋟐ł鎩̂AZbgz_[Ƃ̉c֎Qc^쐬AoCI}Xvg̃f[^́AV|WEւ̏oȁAoCI}Xvgւ̃`bvƂ␴|܂ŕLsB EF c^F20% :60% Ɠ:20%,NULL,E͗ vg̃f[^͂ł͎pIȕ̓XLgɒBɎ̓oCI}XvgɂčœKȃ`bv̐ʂ̎ZoCAcȃf[^̂牽𕪐͂΂߂̂AƂЈƈꏏɍlƂ납̎n܂肾BPDCATCN̉񂵕ŉłB Eϋɐ X^[gAbvȂ̂ŗlXȎdAŐϋɓIɐVȎdɎgފĂB,EC^[̎󂯓т邽߁Aʓ|͓ɂ悢BL͋̕ƖsۂЈɉɂẴtB[hobN𑽂ႢAɂŏIIɂ͐𗧂Ă邱ƂłʂoBŏIɂ͑ʉsĂB,NULL,NULL,E͂𗧂ĂƂ납ւƂA헝nIȋƖ̌邱Ƃ͔ɗLӋ`łB͎ЉlɂȂĂ狁߂̂ł邪An̊w͓ɑw̎Ƃł͌ołȂƂ炾B E܂Đ\GlM[KĂ鍡ł𑱂鐔ȂX^[gAbv̈Ȃ̂ŁÃrWlXf𒆂wԂƂł邱Ƃ͑傫ȃbgłB,67,2017/5/20 11:28,2017/5/20 11:28,2
74,T[`Ac,6`11,T3`4,800~,6,8,8,10,10,10,8,EJ[{NWbgƖ(60%) ƂĐGlM[ȃGl̓ɂč팸CO2ɊÂnoꂽroiNWbgjBŁAX̊ƊiHꑀƂȂǁjŔroCO2̃NWbgpĒɂ邱Ƃ]ފƂBƂɑ΂āAړIΏہA[A\ZqAOŁAK؂ȔroKiňēA̔ĂBڋq̂߂ɁACO2roʂ̎ZsĂB ET[`Ɩ(40%) COƂ̒BЁA邢͑ЂioĂ鍑Ał̎Ɖ\Ɋւ钲sBCOoɍsC^[Ȃ炸B,NULL,"EPCXLiWord,Excel͂ƂPowerpointIllustratorPIɈj E\́iC^[̓iiЈjƁuAvc_sŁA[vl̕Ȃgɕtj Exȑΐl܏Ք\́iX̓db΂◈q΁A[ł̂ʂāuam/iIU镑vuAhúv𖁂Bj EǗ\́iЂ2TԂƁÄČ𕡐CBũ^XNvΓIȖڕWƂŁÄׂɂƂׂiɍlAsEC\͂𖁂Bɂ͒NɈ˗邱ƂdvȔfBj",E21x̃tB[hobNB ł́Ai̋ƖГ̐lԊ֌WɂptH[}XɂAg̒P_ׂɋĂ炦Bgɑ΂]́AЂ̎ЈSW߂Rg]Â̂Ŕɐ͂Bij̃tB[hobN̍ۂɓ`B EíuC^[WvuJ[{NWbgSijvuAƓӔCҁv3l̎Јi̋ƖɂāAEēĂB̗pʐڂ2̃tB[hobN3lSB E݉B ݉ł́A21x̃tB[hobNƂ͖ѐF̈قȂuԂႯbvlXfBi̋Ɩ⏫̃LAA͂܂FɊւĂ܂ŁASB̎ЈBɑkôŔɗLvB,NULL,NULL,ẺЂ̎Ј́AĊO،EPEEvEnw[J[Ŋ􂵂ĂґBufLЉlv̎dɑ΂Ag߂łՂƊŵׂ͂ƂĂKȂƂƎvB ẼC^[ɎQw͊FAuAǂӖœƓBƔNԁAł͖̂{ɋMdȌoBOBOGFDGŁALAkɂĂ炦B EԂႯZ500~OB҂IƂړIƁÃC^[̓~X}b`B AuǗ\́vuΐl܏Ք\́v|X̋ƖAXłADGȓiAƂ̉ł̃C^[́AȂƊmMĂB,68,2017/5/20 11:28,2017/5/20 11:28,3
75,GWjAA}[PeBOAc,6`11,T5ȏ,1200~`1399~,10,8,10,10,10,10,10,"ƖeF E^OFruby,html,css,ruby on rails 𒆐SɎű^⎿ɓȂT|[gB(60%) ECxgȂǂ̏WqFTECH::CAMP͌ݑS14_AɊg債Ă߁A鋒_̉^cSʂC邽߁Ȁ_̗nȂǂ𓥂܂Aǂ^[Qbgɂ邩lAǂĎuɂȂ邩܂łl,Ă,ۂɎ{ƂėƂ,sB(40%)",NULL,EvO~OXLEEEC^[Ƃč̗pƊJۑ肪^邽߁AKRIɋZp͂オB E\́EEE^OĂŎu̎̕ɑ΂AǂƂŖ肪NĂ̂ƂƂ𒚔JȃqAOʂÂ߂̍ŒZ[glA`ȂB Eė/śEEEЈ33AC^[200ƂŁAĂ鋒_͌Ă鎩ŉ񂷂̂ŁAɒĂƂ͂قƂǒʂAӔCĎs邱ƂłB,C^[ƂēOɌC1Ǎチ^[ƂȂB̊Ԃɂ胁^[Ƃē߂̗͂邱Ƃł̂ƁAy^[ƒǂȂ邱Ƃł̂Ŏ󂯓̐͐ĂBɍi^[ɂȂĂ͊Jۑ肪^Ai߂Ăɂɗ͂BIƎ̓KŎ肽dIԂƂłB(:Ђ̃VXeJA̗pƖA}[PeBOALAcƁAVR^[APHP^[Ȃ),NULL,NULL,C^[ɎQbg̓vO~O̊bIȗ͂邱Ƃł̂ƓɁÂrWlXTCh̕DȂłBRȕӔCAォ̎wɏ]Ďd̂ł͂ȂA悭邽߂ɂ͉KvŁAAԐlނȂǂ̃\[XIȕlĂ͎\Ȃ̂As鉿l͂̂ƂƂlȂdɎ|邱Ƃdł̊{IȎpɂȂĂ邱Ƃ̃C^[ɎQ郁bgłB,36,2017/5/20 14:15,2017/5/20 14:15,4
76,L,6`11,T3`4,1000~`1099~,10,10,10,10,8,10,10,Ɩe:L IEhfBA^c 10% ГOZ 10% OfBAAv[` 80%,NULL, Eh̎g ErWlX}i[ ELɊւm E̗pɊւm(̗pL񂾂) EЂ̍LAL҂Ƃ̃[V Ẽo[̊ݕ,L[rbN|PbgƂC^[̂߂̐xpbP[W邭炢C^[ɒ͂ĂƁB 150lC^[̂ŁAw狳t[Aٗʂ̑傫͂ǂ肵ĂƎvB,NULL,NULL,EAwԂƂł Ê܂܃C^[Vœ̂ŁAЌ̃MbvȂ EV傫ȎdCĂ,70,2017/5/20 14:15,2017/5/20 14:15,1
77,鏑,6`11,T3`4,1000~`1099~,6,4,6,6,6,8,4,ƖeFɃNCAg̎ВƂ̃C^r[\̓dbVOÃNCAg̃tH[Abṽ[dbQOAȎł킹̒ʖPOB,NULL,ErWlXh>dbΉ Eʖ󁄃NCAgƂ̎Oł킹ŃC^[̓Ƃ̒ʖ E[{̌񂵁A,FB̏ЉŒmC^[ŊCO̊ƂłASȂB ǂ炩ƂƈU邱ƂĂIŃoCgɋ߂,NULL,NULL,ꗬƂ̎ВƃC^r[邱ƂłiʖŁj ܂lIɌ݂̐Eœ{̓dbΉȂǂ̋炪ɂȂ̂łƂĂ𗧂,71,2017/5/20 14:15,2017/5/20 14:15,2
78,WebL^p,1`2,T1`2,1000~`1099~,10,10,8,6,8,8,6,"WebL^pBNCAgӔCdߏ߂͉^p͔CĂ炦ȂB̂߁AL̓eƂ⌟L̍쐬ȋƖƂȂB eƁF30% |[g쐬F30% eLXgL쐬F30% ̑F10	",NULL,EGoogle Adwords̈ @GoogleɍLoqۂɗpc[̈wׂB|[goƂ̌킩B EYahoo SS / GDN̈ @YahoǒGWɏoe邽߂̃c[̈wׂB|[goƌ킩B EExcelfunction @GNZ̋@\ɏڂȂAgȂ悤ɂȂ鑼AV[gJbgoē̃GNZJ肭ȂB ErWlX}i[ @rWlX[̏ȂǊ{IȂƂ苳Ă,͔̐ɗǂ̂ƂȂĂ܂B rWlX}i[舵Ɋւ錤CB {IȌCIƂ́Aẽ`[ɔzBłSĂĂ킩ȂƂ΁AĂB,NULL,NULL,WEBɊւ邱ƂWEB}[PeBOAWEBLɊւƊEƖ̒mƌoςނƂłB ܂A肵Ă邽߁Ay݂ȂAJ邱ƂłB,72,2017/5/20 14:15,2017/5/20 14:15,3
79,Z[XA}[PeBOAIT,6`11,T3`4,900~`999~,10,10,10,10,10,10,10, EƖe Z[XRT^g̃vXyNeBOA|[g@90% O^[|[g10%,ٗʌ͂x^ĂꂽƎvB낢ȎdCĂ炦邱ƂłAwԂƂłB,}lWgXL GNZ p[|Cg R~jP[VXL prospecting skills,^[A̓̎d̂łtB[hobNĂB ЈS̖ʓ|ƂĂǂA킩ȂƂ苳ĂB,ItBX͔ɗǂBF邭CA̎dɂ͏WĂBɂƂĂɓ₷łB,"҈ȏ̓ełƂĂĂB낢ȎdvWFNgɂւ邱Ƃł̂Ŋwׂ邱Ƃ񂠂B	",ItBXSƘb@ςAdʂłvCx[gʂł[߂邱ƂłB ̔Y݂lĂT|[gĂB,69,2017/5/20 14:26,2017/5/20 14:26,4
80,web}[PeBOAoc掺AIj`l}[PeBO,1Nȏ2N,T3`4,900~`999~,10,8,8,10,8,10,8,Ɩe:Ij`l̃t@bVebNuLaFabricṽ}[PeBOьoc掺ł̎Ɛ헪AƖPɖ߂B web/Ij`l}[PeBO:20% SNSA}K̉^pɂ郊^[QeBO┄{̗āAsAʑ蓙B Ɛ헪 40% Ђ̃rWêׂp肵AIƐ헪B TvC`F[P 40% 甭AWXeBbNX܋Ɩ܂Ń_AAނ˂~߁APГʃ}jA쐬B ߂̂́A̋Ɩĝ݂ɃEGCg悹Ďg߂邱ƁB̓RT肾߁A}[PeBO珙XɌocƖP̎d̃EGCg𑝂₵BC^[̈ӌ𑸏dA{ɉЂ̎ԂƂċNpĂ邽߁A肪ƐӔC傫BC^[Ƃ͖΂̃AoCgЂ邪ACtX^CfUCł̃C^[́A{̈Ӗł߂ɂȂ邱Ƃw΂ĂȂ̂ŁAčDS`Włlɂ͂Ђ߂B,oc掺ŐlAVX^gĂہAlTCgւ̏oe80~_񂷂`XBȊȌꍇłA{IɎ肽Ɩ𖼏oāAƂptBł肽ƌɂ͐ӔCĂ肫ƂdɓčłdvȎ含𖁂ĂB,EvlƘ__vl 𐶂ގdAImɑȂ߂ɐ΂ɕKvȍlB EGNZ܂ł̃XL pȊ֐pȂAƖf[^100~100ZxŗeՂɉ񂷂Ƃł悤ɂȂB Ed dƂ͉AC΂ƂłɂȂOɕKvȂƂwԂƂłBƂł遁ƂƂł͂ȂƂɊꂽB,C^[ɂ1l^[AƖʂĎł悤ɂȂ肽Œł1ŃtB[hobN󂯂邱ƂłBГʂ悭Aڂ̑ŐƖɊւĂlƂ̎d܂ŒJɌCBC^[A{̈͂ƂČ}Ă鐮Ƒ̐B,t@bVebNƂƂЈFϔNႭACЁB͂炭ƂyނƂЂ̃rW܂ɑ̌Ă悤ȕ͋CB,RTɕKvȃXLgɂ邱ƁBMbv͓ɂȂB RTƂĂ͂AǂȐEœɂĂsȃXLwԂƂłB,EԂłB C^[AbɂȂЈƂ͎̉vZBЉlɂȂĂ߂ĘbƂŊwтƎh炦B EЉl̃X^[g_bVт肷قǊyɂȂ ŊwׂƂ́A܂ɊƂ̏k}̂́B܂łȂX^[g_bVłȂāAƋ͂B EAEɎMo C[W╵͋Cłd𗝉ĂȂꍇƁAًƎłĂwdx𗝉ꍇł́A邱ƂƂl傫قȂBۂ̎dC[WČ邱Ƃł悤ɂȂB,73,2017/5/20 14:32,2017/5/20 14:32,1
81,c,6`11,T3`4,1000~`1099~,10,4,8,8,6,8,7,OllTCg̋ll̂߂̉cƊ100%BAeA|20%BcƏk50%BA30%,Ј̂̂łB3ŉcƃ}l[W[ɂȂAق̉cƃo[𑩂˂鑶݂ɂȂB܂Akł͑Ƃ̉cƃ}ɑ΂ĉАAiʂ̌Aƕʂ̉Ђ̈cƃ}ƂĂ̊􂪊҂ꂽB,ṕB(ЂɊOl) g߂ɎВ̂ŁAoc̗͂złB lXȂƂɒ킷ol,󂯓Ԑ͐ĂȂB̊Ƃł邩炱AVlɎ肪Ȃ̂ŁA\Ȑ͎󂯂ȂBAĂ݂ĂgCAhG[āAOCĂ鋳łB,ItBXł́AIƃIt̐؂ւA܂AlXȂƂɒ킳ĂBOlXłApł̃R~jP[Vp邪A{l͊Fŉp撣낤Ƃ͋CB,Fl̏Љł͂߂BƓ΂ItBX[NƎvAӖŗlXȂƂɒ킳Ă炦B,ŵƂ͈ႤArWlXɖ{CȒԂłB܂Ap͂ƂʂŔɃ`x[VAȂɂAВ̂ŉVƂĂ݂͂͂B,74,2017/5/20 14:32,2017/5/20 14:32,2
82,鏑,1Nȏ2N,T1`2,iʔxj,10,8,8,8,8,8,8,d(30%)t@CAhAEψɂďW Cxg⍲(10%)㉇Ȃǂ̏W܂̍ۂɉ^cT|[g T[`(60%)ɂ͂܂AdȂɂ͎RɎĂĂƌP[XB̍쐬ߒAɂȂ镪ɂĊwKł鎞Ԃmۂł,"̌ɊւƂo͂łȂB̃xł邱Ƃ傫낤B̃C^[͂ǂ炩ƂƁA␭ɋAɀwт""h͋CČhlłB""",IȃZXgɂƍlBłIZXƂ́AƂƂāAlXȒnʂEƂ̐lƂǂ̂悤ɐڂĂKv邩ɂ߂邱ƂłB,͊SɎɂقȂBۂɐkɉۑ^鎖悤B΂āAĈ悤ɎRɊw΂Ă鎖܂B,NULL,NULL,NULL,18,2017/5/20 14:32,2017/5/20 14:32,3
83,cƁA,1`2,T1`2,iʔxj,8,8,8,8,6,8,6,c60% eł̉cƂ̌w C20% HAlXȏŕ׋ĒB 20% |[gӌoȂǂsȂ,w̕Xƈӌ킷ƂB܂Ƃ߂̓`[SɔzAꂩ̎wWƂĈꂽB[_[݂̂̉cɂoĒAӌo⌈ɌgB,Ex s⓪ƘbƂB ^bꂽB EЉl̊{ ׂȂƂ̊{͂Ƌꂽ Ec ВAcƃgbv̕X̉cƂڂ̑OŔqA׋ĒB,ʃvÔŋ̐͂܂ȂB ƏwǂƂւǂ@B CvO͓ɂȂAɉ߂ꂽB ЈƂ͓̐lƊւ邱ƂASƂ͘bȂ,NULL,NULL,NULL,76,2017/5/20 14:32,2017/5/20 14:32,4
84,L,3`5,T1`2,iʔxj,10,8,6,8,8,6,6,EƖeFJE΃f[ɌăLy[ƂĈTԖzMB̓ǂzM邩AŐ헪𗧂ĂĎsB̂قɒCŊĂĉł邽߁Å̃T|[gsB EFzMvA쐬70%AT|[g15%AwZZȂǂ֍u10%ȂCxgT|[g⎖5%,Ј̕Ɠx̍ٗʂ^ꂽB͓쐬zM܂ŁAʂ̗SĔCĂ炦BP玩ōlĂsAƂ̎dv̗ĕɊւĎT|[gƂ킯ł͂Ȃ̂ŁAŐi߂͂{ƎvB,E}lWgXLF^C}lWg͂Avǂi߂ĂAǂǂȂ邩lė͂ɂȂB EϋɐFЈ̃̕T|[gƂ́AӖЈƓx̂ƂĈŐϋɓIɎR~jP[VƂAɂƂ߂B,CȂǂ͂ȂAŏɂǂ̂悤ȒĉȂ̂A܂ȒPȃrWlX}i[ɂĂQԂقǂ̍uKBC^[𐬒Ƃ́AŐw͂邱Ƃ߂ĂBAbgz[ȕ͋Cł邽߁AۂNPOœĂЈ̕FXȘb𕷂ƂłB,NULL,NULL,NULL,77,2017/5/20 14:32,2017/5/20 14:32,1
85,LA鏑AVKƗグ,3`5,T5ȏ,900~`999~,6,8,4,10,4,10,3,C^[ɂċƖe͔ɈقȂBg͍LɏA@l̃R[|[gTCg^pAIEhfBA^pAL쐬EZBɔ鏑C̕ł邽߁A\̃[󂯉AXPW[ǗB܂ŁAVKƗグɂgApɂɎГOł̃~[eBOɎQB,xAӌꂪ悤ɎvBe~[eBOɂ́AЈƓlɃOƎĩ[e[VĂčsB{Iɂ́Aǂ̋Ɩɂi̊mFf̂A肽Ƃ͂肽ƌ΂点Ă炦B,{IȃrWlXXLSʂwԂƂłBr̎ЈNPO@l̂߁AR[Z^[̎Ј͓db̎MM̎dAGWjA̎Ј͑PCXLAҏW̎Ј͋LZɂĂ̐Ƃ鎋_AڍXƋĂ炦B,ɂ킽鎖ƕA{ł͈x킹ȂЈ݂Ƃ̂ƂAS̎ƏЉCeX1ԂĂBɌwɍsĂ@BOJT͍ؒJɃC^[̖ʓ|ĂBقڃC^[̎񂵂ɂ邱Ƃ͂ȂB,NULL,NULL,NULL,78,2017/5/20 14:32,2017/5/20 14:32,2
86,}[PeBO,6`11,T1`2,1100~`1199~,10,8,8,8,8,10,8,EƖe lCeBuL̋L쐬Ug쐬AR[fBOA͂܂ōsĂB܂A͈Č̊Ă܂ōsƂɂȂĂB E LCeBO30% Ug(Lb`Rs[A^Cg)쐬30% LR[fBO20% L20%,rI含̍Ɩ̂߁Aٗʂ͎ЈN̂̂ƂȂĂ茠킯ł͂ȂBЎ̂2Nڂ̃X^[gAbvł邽ߍٗʂ͗^邱ƂɂȂĂ邪ANȏ̌oAmKvƂȂB,EWebRec}[PeBÕXLBɂʓIWebL̍쐬A^po悤ɂȂB̃XLpČlIɂX܂̗グo悤ɂȂB EƉ^c̎@włBƌv悩gAgD܂ł̉ߒKĂB E[_[Vbv}lWǵAR~jP[V͂͊ɓX܌ocT[N̕΂߂Ăo炠xgɕtĂAC^[œɐLтƌ킯ł͂ȂBނ뎄̓X^[gAbvƂɖOƂĔэނƂړIƂăC^[VbvɎQ̂łAƂ̒Ał܂邽߂ɃC^[Vbvɍŝł͂ȂB,ItBXAВ܂ߓɂȂĂăR~jP[V⋳͖łBʒkВAЈƍsĂāA̎ƌvȂǂ̓˂񂾘bƂłBSuvtŌĂтAeȂǎЈƂ̊ւrItNłB,NULL,NULL,NULL,79,2017/5/20 14:32,2017/5/20 14:32,3
87,T|[g,2Nȏ,T1`2,1000~`1099~,10,8,10,6,6,8,5,ɁAƂs߂̐ݔEi̗pӂ⎑Ȃǂs܂BZ~i[ȂǂŃAP[g΁A͍̓Ƃ}o^ƖɂȂĂ܂Bu̕Ƃb@͂܂Al܂BقڎƂ100ɂȂĂ܂B,ٗʂ͂܂񂪁AĂΉPꏏɂĂ炦܂B Ɗ̉Pû₢킹ΉAƖ̍ƃXPW[ȂǁALĂ͂ł悤ɂȂĂ܂B,EƔ\ EdbΉ̊b E}jA쐬̋Zp E^XNǗEp EvWFNgE}lWg,{IɃX^btiЈj΂1l͂̂ŁAƂ肪ΈꏏɑΉĂ܂B܂ĂƖP̈ӌCyɘb悤ɂȂĂ܂BCȂǂ͓ɂȂAC^[mŋ镶tĂ܂B,NULL,NULL,NULL,80,2017/5/20 14:32,2017/5/20 14:32,4
88,}[PeBO,6`11,T3`4,800~`899~,8,6,8,8,8,10,7,EFuTCg̉^cAڋqΉ@10 EFuTCg̐݌v@90 @݌v @vWFNgǗ @f[^` @OƂƂ̘Ag@Ȃ,ӔC͌y߂Ȃ̂́AЈƓɂĂ炦Ă܂B 㒷PlAC^[QlŃEFuTCg̃j[As܂B KPI̊ǗAK{^XN̐􂢏o͏㒷sȂ̋Ɩ̓C^[QlŕSčs܂B,E|[^uXLE{IȃrWlXXL EvWFNgǗ̃XL Ef[^`̃XL EEFu֘AATCg\̒m,㒷^[ƂĎwĂ܂B CȂǂ͂ȂA\IɓKv܂B w͂肵Ă邵AiȂǂpӂĂ܂B,NULL,NULL,NULL,81,2017/5/20 14:32,2017/5/20 14:32,1
89,}[PeBOAc,1Nȏ2N,T3`4,800~,10,6,6,10,8,10,5,ɂĂȂႢ܂B BtoBƒS̍ E}[PeBO@50 Ec(eA|`K܂)@50 BtoCƒS̍ E}[PeBOAfBNV@60 EcƁ@30 E݌v@10,ЈƓɈĂ炦Ă܂B cƂeA|KAΉ܂łׂčs܂B TCg̒S҂ƂĂׂĂ̂ƂǗĂ܂B,E|[^uXL E݌vsɗƂ݁AŎ܂ōs ẼLb`Abv̕ E񏑂_񏑂̏ EEFu}[PeBỖXL EcƃXL,Ă炤X^Xł͂ĂȂłB\IɊwсAsȂΉ܂B 킩ȂȂɎvlAƂĂKv̂Ŏ͂gɂ܂B yCŃoCgȂǂłX^X͍ȂƎv܂B,NULL,NULL,NULL,82,2017/5/20 14:32,2017/5/20 14:32,2
90,Sales and Marketing,3`5,T5ȏ,800~,6,6,6,6,6,8,8,Ch{̃Ch̃[J[ƂɁAChœAƂOłBAWAGAAɓ{̎s꒲Ă܂B ~NF WɏoWAhl␻i̐ {̐݌ڋqɃR^NgȂAzグāA㒷ɕ񍐂 Kvł΃Tv肷 }NF ɑΏۃ}[Pbg̃}N̎s꒲ AEgvbgF 𐔒lȂA萫IɂꉻāA|[gɂ v[ {At@ŁAJ^O̓{̐AHP̓{ւ̃T|[g܂ Ȃ݂ɁAɁAĘAĂ܂A{œWƂ́AĂ炦܂i؂o܂j,ЈƓƎvBہA{bȂAKɊւĂ킩Ă̂ŁAL̋ƖɊւĂ͎ŏ㒷ɐiߕRec𑊒kȂ琋sĂB,gɕtƂȂĂȂȂĎv܂BŁAĂƂɑ΂Ă̐Vϓ_ꂽAtɍ㉽gɒċ̓Iɍl悤ɂȂ܂B,󂯓̐͂ȂłBŉłɐi߂ĂƂ`łB㒷ƕǑłȂPĂƂ`BЈ́A{lŌǓƂĂ̂mĂĂ̂ŁA₳ڂĂ܂BӂĂ܂B,NULL,NULL,NULL,83,2017/5/20 15:08,2017/5/20 15:08,3
91,C^[,3`5,T3`4,1000~`1099~,10,8,8,8,6,8,8,EƖeiVljFȎd́ARec`[̈ƂȂA4{ACRec̃JLieƂɂIl̍U@Aw󌱂ŌԖ{j𐻍삷邱ƁB҂ɃC^r[ȀɊÂĐsB ƂẮAȉ̒ʂB OT[`i10j҃A|i5j҃C^r[i10jMi50jZ{i20jJƁi5j āA1|2{AAɊւLB ܂ɏACxg̃X^btƂČĂ΂邱ƂB EƖei}l[W[jF4|5l̃`[}lWgB̓Iɂ́AVl̎d{`[o[KPIǗ{Rec̍Z{{VKvWFNg̊旧ĎsB,H	inmnOKing1;OKiSgOKji hLBngMDpDDngFɄSjigWUYShLgMBՋLYhL1UգgՋYSh H	n͸n͸ji nTMk1k͸gMՋLW[p
Kn͸ȒU_g;HLYji 6P	kc_#jF; DKkkoj#YKĹj_FLe
LcfJ]k]cfFYShLDW_Lcf1^MWtWkoLB1,O1;oB1kQ 6P	nѷƣk n;HLgMo'MDLn!jiLOoDo]FhYp[LnѷƣhDkBFgMB׹kՋ2hDFjFXl̃LpVeB[ɂB ̊𗧈Ďsł_Aٗʂ͑傫Ao[̍Z{Ȃǃ^XNAӔC͏dBٗʂ͑₻ƂΑ₹邪ÃLpVeB[ƒɂڂɂBR~bgł鎞ԁ~IɎdi߂́ٗʂƂC[WB,ḱ`hc_Kk aj1 WffYnxShDFkU[_koKx4Y_nvj Yamn'hgW[Shg ncS'QYnBhWfYhDFpUjQpjjD]]bhDFTHL!DnSFYpNgMhDFvjTHhWfWjQpDQjD_33n׹L<QXjDKhDFOD-dKF գïF6yMgգïD]ndicW gojĒ
R nh]WfFn3d!YShLB_KDdinFjգïFKLՋnQ100
R_nW9,K'LUcfD_CPjD`20	a50	, ?70	,?90	hDFuFk@g9kdDfnXQcpWjL~g g_i@OShĹ ֊-inFjKdBgՋ2K k',n;fh1WjL2WLF֊LhfhDF ILLMF{iSno͖ULz~cfDngnBѷƣnW_
g;_fShL^8ḱ pW7OXYnՋn2WjipWghWYSohDFH`L>kjcfKykdShUDjDgȂ玩ȐiǗsBui肪SāvƂtsقǁÃXL͏dBm}܂Ă̂ŁA̎ԓIE\͓ILpVeB[lŌvĂ邱ƂɏdvB Eӎ\́FL̎Ad̐i󋵂Ȃǂ𐔎ŕ\AȊǗ\́B͔\͂ƂlAЉlɂȂĂɗƊԈႢȂB,ȉAЂ̋L̔B ۂɁA̐͂Ȃ萮ĂBɐACAƊOȐiHIȃXLwԂƂłB  [C^[炪ő̖͂łBBCGGoogleAP&G̎Јw󂯂ċƖɎg݁A_Iȕ͂̑gݗĕ⃆[U[̃j[YɉRecOIɒ@܂܂B̃C^[ł̓WJVLO͂̂ƁAʐڊ̎̈Ӑ}ݎ\͂lł܂B C^[o҂́AuڕWݒ肵Aׂ^XNɗƂރXLgɂvu18AOR҂ȂǂɈ͂܂ċƖɎgނߏÂhɂȂvƂĂ܂B ,NULL,NULL,NULL,84,2017/5/20 15:09,2017/5/20 15:09,4
92,}[PeBO,6`11,T3`4,1000~`1099~,10,8,8,8,8,6,8,CoEh̗š̔B }[PbgT[` 50% c 25% 쐬 15% Gp 10%,,,,,,,85,2017/5/20 15:09,2017/5/20 15:09,1
93,헪敔ƒ,1Nȏ2N,T3`4,1400~ȏ,10,10,10,8,8,8,8,ʐMsĂ鎖ƂɊ֘A钲BVKrWlXɉł邩ABM&Â߂̃XgoB,Ј̃̕T|[gBȂ莩RɒĂ邱ƂłAۂɒēe̎s܂ł́A܂ȂAIɂAlɂB,XLBǂ̋ƊEł𗧂悤ȁAςƏW߂āAҏW͂͏BƁAЉ̓ɂĂm邱ƂłB,̐͂܂ȂAǂ炩ƂƁAȂd点Ă炤ƂłBwłȂAГRT̂悤ȗB,NULL,NULL,NULL,86,2017/5/20 15:09,2017/5/20 15:09,2
94,@lc,6`11,T5ȏ,iʔxj,6,4,8,10,10,10,10,Ede 1. @lcƁi70%j ݃xgi̓nƗlɐڐGA̗p̃T|[gilނ̂ЉjsB ڐG@ƂẮAeA|Aэ݁Aml̂ЉȂǁB ڋqʂƂẮAVK̂qlCB 2.}[PeBOi20%j ͉Ђ^cĂWEBTCgɁAxgił̎dɊւC^r[L̎Ms܂B JAC̒mx̌A]E]҂̕ɏ񋟂邱ƂړIB 3.̑i10j Г̐ȂǊ{IȎƁB,ɑ傫BiЈƓŃt^C̎dj ̏ꍇAz1قǂňlŉcƂCꂽB ڋq͂PЈƂĂȂ̂ŁAɃn[h͍׋ɂȂB \̕N[gׁ̈AuȂ͂ǂHvƏɈӎvłB,ƊEm`ۂɓ܂ŕLB ƖeSĎ̈ӎvŌ߂邱ƂłA߂ɑkłiׁÄӎvŃXL͊lɂłB,CJɂ킯ł͂ȂAʓ|͂B ƊEgbvNX̑ƂA_ݗԂȂ^C~OׁAuwƍٗʂ̃oXvĂB ܂yƂĂǂƊĂBC^[ɂ֌WȂӎv邩Au邱ƂȂJȃT|[gɏꂽB,NULL,NULL,NULL,87,2017/5/20 15:09,2017/5/20 15:09,3
95,vi[,3`5,T3`4,1000~`1099~,10,10,10,10,8,10,10,NULL,fUCi[GWjAƈႢvi[͑͂Ƃ͂ȂȂ̂ŁAdϋɓIɎɂp͋߂邪A^ꂽdɑ΂ٗʂ͔ɑ傫B\K͂̈Č̃vjOulĈӌ傤vƐUꂽƂB΂ƂĂ镪AŃCvbgȂAEgvbgKvɋ߂B,EvjOXL }[PeBONGCeBum܂߂A\z͂gɂB^ꂽ20~30ɂԐE}(ǂނǂ͔C)ׂ͂ĖڂʂCvbg[߂AEgvbgoŁAꂽB E̓XL Excel͂Aʒu񂩂ڋq̓𑨂ŐṼT[rXȂǂgA͍ƂsB,OJTŊwłX^XȂ̂ŁAC͓ɂȂB܂AXs[hƊEEЂȂ̂ŁA㒷̃X^Xɂ邪AϋɓIɎd߂ȂΎd炦Ȃ\BӖŁAXs[hĎ̓IɎdɍsʂolɂƂĂ͍ō̊ł邵A󓮓IȐlɂ͂܂ĂȂłB,ʓIȃItBXł͂邪AhN̋@̐ݒuAT|тȂiٓ̔̔A1̃sU̎xȂǊydł␧x[ĂBAЂoĂ݉Al̗ւLAMbłĂƂĂyBЈ݂ȂA炳dł͂ȂAڕWĔ\IɓĂlƂĂۂɎcĂB,vjOXLDGȃvi[̂Ƃō߂Ƃ҂ĂBlӌ悭ĂzK؂ɐUĂBہAȂvjŐ@^ƓɁA͂eNmW[̈ɊւdĂ炦A҈ȏゾB,bg͐ȂAԂ͊wƎЉl̍Ɋ邱ƁBł̂Ƃ1ɏDGȃvi[ƎrɁAȂ̂FZ킩@炦̂͑傫B,47,2017/5/20 15:18,2017/5/20 15:18,4
96,rWlXS,6`11,T5ȏ,1100~`1199~,10,8,8,10,8,6,9,fBẢ^c(30): webfBAƂ̊旧āAB݂̓}lWgƃv[V{̍lĂ̂݁B Recv[V(60): LN^[}KȂǂƂLN^[R~jP[V𗘗pv[VxƂ̗グcƁAWebALȂǑSʋƖB zEC(20): zECƂɊւ郊T[`B,ŐVƂn߂̂ŎЈƖwǓ̍ٗʌ^ꂽB ȊO̕ɊւĂӌ𗝗RƋɓ`[Ă炦΂ƔfB,E}lWgXL ̃C^[̊lAʐڂ^XN̊܂ōsߋJ͂͂ɂȂB EM c̏łłȂWEBTCg̉^c⑼ЂƂ̑ł킹ʂđIȔMA`B͂gɂB ̑: ITeV[A}[PeBOmB,ЈłȂВƂɋ߂ꏊŎdAƖɑ΂tB[hobNႦ̂łƂC͂ȂRƗ͂tB,ItBX͋̕C͂ƂĂ邢B dIƂɂ͎ВAЈAC^[̕uĂȂꏏɐHo邱ƂB,Vtgɏ_̍ٗʂēE]ĂB rI]ʂ̊œĂƎvB,X^[gAbvNƂƂwƌ͂܂֌WȂЉlƂē̂͑傫Ȗ͂ƎvB,88,2017/5/20 15:18,2017/5/20 15:18,1
97,AoCg,3`5,T3`4,1000~`1099~,10,8,8,8,6,8,9,fW^}[PeBÕvf[T[̃AVX^gƖB̓Iɂ́AT[`f[^́A쐬B,NULL,NULL,NULL,S̓IɒԘJĂƂ͋C͂邪AƊE̕WׂƂ܂ȕƁBC^[AoCg̏ꍇ́AԘJcƂ̕Kv͂ȂB͂̎Јɂ͘b₷A̐Ȃ̐lႤƖ̐lƂ͂܂ւ@ȂB,NULL,ItBXŁAfW^}[PeBO̊bwԁAExcelgăf[^Ƀ}[PeBOƂƂołB,89,2017/5/20 15:18,2017/5/20 15:18,2
98,GELLEdecorGfB^[̃T|[g,6`11,T1`2,iʔxj,10,8,8,6,4,8,4,ƖeGfB^[̊F̂`iWCxg̃XPW[܂Ƃ߁Ap̋L̖|Aê`Aǎ҃v[g̔j ɂċ߂ƖقȂĂ̂ŁA͂܂B,^ꂽdɊւẮÃ[͂̂́A͎IƎv@ōDȂ悤ɂĂƎv܂B,ECeAƊẼghAA[gƊẼghɂĒm邱Ƃł܂B E|̋ƖĂāAp̕׋ɂȂƂ܂Bipꓙ͂̂ŁAJ܂BBj EXLł͂ȂȂǁA̎G̕ҏW̕X߂łdĂ̂ŁAt@bVCeA̕ҏW̎ԂɂĒmꂽƂ͔ɗǂƎv܂Bۂɕ͋C邱ƂłAɍȂ̂ǂȂ̂ƂƂ邱Ƃł̂ŁB,ƂĂŁAЈ5ɃC^[lƂ\łAF񂢂CɂĂAȂƂ͂Ɏ₳ĂĂƎv܂BƖɊւĂAtB[hobNAhoCXAƂĂQlɂȂ܂B,ItBX͋̕C͖邭A₷ɂ܂A߂ɗlXȎG̕ҏW݂A̕ҏW̘bCɂȂĂ܂ďWłȂȂ邱Ƃ͑X܂B,|̂dAҏŴ̂ɒ悤ȂdĂɂƎvĂ܂ÃCeAɊւm󂩂ƂAɏoGlXȐlXƊւȂɎdグȂ΂ȂȂƂƂŃvɂłȂƖA܂ӔĈ悤ȎdĂȂۂłB,̎G̕ҏW̕X߂łdĂ̂ŁAt@bVCeA̕ҏW̎ԂɂĒmꂽƂ͔ɗǂƎv܂Bۂɕ͋C邱ƂłAɍȂ̂ǂȂ̂ƂƂ邱Ƃł̂ŁB,90,2017/5/20 15:18,2017/5/20 15:18,3
99,GWjA,NULL,T5ȏ,1000~`1099~,8,6,10,10,10,8,9,"f[^͂̕ƃASY̊J100%. G͂Ȃ, ŏIɊǗENX̐l̑OŐʔ\s.",̍ٗʂőSČ߂ꂽ. @ނꏊRɑIׂ邱ƂoĂƂĂƂĂ͌b܂Ăƍl.,E͂̋Zp E\XL EԔz̃XL EYւ̗ ̑X܂AEɂ邩Ǝv܂D,"ʓ|Ă炤߂̃C^[ł͂Ȃ. őSČ߂ĐʂoƂ߂Ă. kɏĂeg͂邪, ʓ|Ă炤߂ɍŝ͂߂Ȃ.",YȃItBXŋƖԓ͍DȏꏊōƂł鎩RDJ͗ǍDłƍlD,"ƂƂ̌̕Ă̂, C^[ɌĂł炤Ƃo. ʂ͎̊҈ȏɏoĖD",̃LA߂邱Ƃo. ɓЂȂĂ\ɂł̌o͎ЉŊƍlD,91,2017/5/20 15:18,2017/5/20 15:18,4
100,AiXg,3`5,T3`4,1000~`1099~,10,10,10,10,10,10,10,e: RTȂ̂ŁA˗ĂĂȉЂ̂߂̃AiXgB W蒲: 60% 쐬̃AVX^g:30% GNZp[|Cg̑̍ق𐮂Ȃǂ̎:10% *SvWFNgꏏɓRT^g̕ɂĂȂ܂܂BႦƂĂAZԂłł悤ɂȂ蓪gdƃAs[ƁA\ɂȎdC\B,ŏI茠ׂ͂ĎЈɂB ٗʌ͂̈Ӗł0ÄӌlRT^g̕ɓ`邵AނƕĂBٗʌ͂ȂAɂĂ₾Ȃ[ƂAȂ[ȂǎvƂ͈xȂB,1) W Xs[hƐmƐM҂傤̊mF̎dȂ 2) p\RXL Ƀp|ƃGNZ 3) ^C}lWg łĂA炾ƂƑ̃C^[Ɏds\̂ŁA邽߂ɂǂ悢̂l@B,ꏏɓRT^g̕ɂĂ܂܂B C^[܂Ƃ߂ČC邱Ƃ͂ȂB(2015N3),ƂĂʂ悭A݂Ȓǂ͋CB,NULL,NULL,92,2017/5/20 15:18,2017/5/20 15:18,1